dataid,building_type,city,state,pv,pv_panel_direction,total_amount_of_pv,amount_of_south_facing_pv,amount_of_west_facing_pv,amount_of_east_facing_pv,house_construction_year,total_square_footage,first_floor_square_footage,second_floor_square_footage,third_floor_square_footage,half_floor_square_footage,lower_level_square_footage,car1
2836,Single-Family Home,Austin,Texas,,,,,,,1994,2796,1476,1320,0,,,
2743,Single-Family Home,Austin,Texas,,,,,,,1949,1590,1590,0,0,,,
5323,Single-Family Home,Austin,Texas,,,,,,,2008,1185,602,583,0,,,
8560,Single-Family Home,Austin,Texas,,,,,,,2009,2001,1435,566,0,,,
3313,Single-Family Home,Austin,Texas,,,,,,,2007,2001,1435,566,0,,,
5052,Single-Family Home,Austin,Texas,,,,,,,2008,1185,602,583,0,,,
3936,Single-Family Home,Austin,Texas,,,,,,,2007,2134,1162,972,0,,,
1622,Town Home,Austin,Texas,,,,,,,2008,1576,778,798,0,,,
1114,Single-Family Home,Austin,Texas,yes,South,5.25,5.25,0,,2007,2122,1162,960,0,,,
5433,Single-Family Home,Austin,Texas,yes,,,,,,2007,1422,1422,0,0,,,
1101,Single-Family Home,Austin,Texas,yes,South;West,6.25,3,3.25,,2008,2649,1639,1010,0,,,
8872,Single-Family Home,Austin,Texas,yes,South;West,5.5,,3.25,,2008,1422,1422,0,0,,,
1464,Single-Family Home,Austin,Texas,yes,South;West,3.3,1.65,1.65,,2007,2345,1385,960,0,,,
3824,Single-Family Home,Austin,Texas,yes,South;West,6.37,,3.185,,2009,2001,1435,566,0,,,
78,Single-Family Home,Austin,Texas,yes,,,,,,2008,3249,1532,1717,0,,,
8047,Single-Family Home,Austin,Texas,yes,,,,,,2009,3245,1779,1466,0,,,
5839,Single-Family Home,Austin,Texas,yes,,7,,,,2009,2068,1036,1032,0,,,
1050,Single-Family Home,Austin,Texas,,,,,,,2007,3249,1532,1717,0,,,
8597,Single-Family Home,Austin,Texas,yes,West,5.635,,5.635,,2008,2122,1162,960,0,,,
7982,Single-Family Home,Austin,Texas,yes,South;West,3.885,1.295,2.59,,2007,1720,1720,0,0,,,yes
7057,Single-Family Home,Austin,Texas,,,,,,,2009,1720,1720,0,0,,,yes
3192,Single-Family Home,Austin,Texas,yes,South;West,6.105,4.07,2.035,,2008,2075,2075,0,0,,,yes
1790,Single-Family Home,Austin,Texas,yes,South;West,6.37,3.43,2.94,,2008,3023,1473,1550,0,,,
3577,Single-Family Home,Austin,Texas,,,,,,,2008,2122,1162,960,0,,,
8890,Single-Family Home,Austin,Texas,yes,South;West,5.64,3.525,2.115,0,2008,2194,1423,771,0,0,0,
6830,Single-Family Home,Austin,Texas,,,,,,,2008,2075,2075,0,0,,,
2575,Single-Family Home,Austin,Texas,yes,South,6.25,6.25,0,,2008,1439,1439,0,0,,,
5785,Single-Family Home,Austin,Texas,yes,South;West,6.37,1.96,4.41,,2007,1842,1379,463,0,,,
3544,Single-Family Home,Austin,Texas,yes,West,4.5,,4.5,,2008,1185,602,583,0,,,
1800,Single-Family Home,Austin,Texas,yes,South;West,9.99,4.995,4.995,,2008,2075,2075,0,0,,,yes
18,Single-Family Home,Austin,Texas,yes,West,3.33,0,3.33,0,2009,1439,1439,0,0,,,
35,Single-Family Home,Austin,Texas,,,,,,,2008,1240,620,620,0,,,
114,Single-Family Home,Austin,Texas,yes,,3.5,,,,2008,1842,1379,463,0,,,yes
370,Single-Family Home,Austin,Texas,yes,South;West,6.105,2.035,4.07,,2007,2680,2680,0,0,,,yes
545,Single-Family Home,Austin,Texas,yes,South;West,3.15,1.4,1.75,,2007,2345,1385,960,0,,,yes
585,Single-Family Home,Austin,Texas,yes,West,4.995,,4.995,,2008,1720,1720,0,0,,,
661,Single-Family Home,Austin,Texas,yes,South,6.3,6.3,,,2007,1842,1379,463,0,,,yes
744,Single-Family Home,Austin,Texas,yes,South,5.92,5.92,0,,,2351,,,,,,
964,Single-Family Home,Austin,Texas,,,,,,,2008,2919,1401,1518,0,,,
1185,Single-Family Home,Austin,Texas,yes,South;West,7.215,4.995,2.22,,2007,2122,1162,960,0,,,yes
1192,Single-Family Home,Austin,Texas,yes,South;West,6.25,3.25,3,,2008,2122,1162,960,0,,,
1463,Single-Family Home,Austin,Texas,,,,,,,2007,2236,793,1443,0,,,
1642,Single-Family Home,Austin,Texas,yes,South;West,6.37,3.43,2.94,,2007,1720,1720,0,0,,,yes
1718,Single-Family Home,Austin,Texas,yes,South;West,5.88,2.45,3.43,,2008,2710,1508,1202,0,,,
1801,Single-Family Home,Austin,Texas,yes,,12.425,,,,2008,2075,2075,0,0,,,yes
1852,Town Home,Austin,Texas,,,,,,,2008,1240,620,620,0,,,
2018,Single-Family Home,Austin,Texas,yes,South;West,7.8,4.68,3.12,,2008,3023,1473,1550,0,,,yes
2129,Single-Family Home,Austin,Texas,yes,South;West,6.25,4,2.25,,2008,2075,2075,0,0,,,
2233,Single-Family Home,Austin,Texas,yes,South,6.25,6.25,0,,2008,3245,1779,1466,0,,,
2335,Single-Family Home,Austin,Texas,yes,South;West,5.92,4.44,1.48,,2008,2710,1508,1202,0,,,yes
2337,Single-Family Home,Austin,Texas,yes,South,4.995,4.995,0,,2008,1439,1439,0,0,,,
2345,Town Home,Austin,Texas,,,,,,,2008,1748,1010,738,0,,,
2461,Single-Family Home,Austin,Texas,yes,South,8.175,8.175,,,2008,2075,2075,0,0,,,
2638,Town Home,Austin,Texas,yes,South,4.655,4.655,0,,2008,1970,1013,957,0,0,0,yes
2645,Single-Family Home,Austin,Texas,,,,,,,2008,2075,2075,0,0,,,
2653,Town Home,Austin,Texas,,,,,,,2008,2020,1074,946,0,,,
2814,Single-Family Home,Austin,Texas,yes,West,6.21,,6.21,,2009,1842,1379,463,0,,,yes
2818,Single-Family Home,Austin,Texas,yes,South;West,5.39,2.695,2.695,,2007,2345,1385,960,0,,,
2859,Single-Family Home,Austin,Texas,,,,,,,2008,1252,1252,0,0,,,
2945,Single-Family Home,Austin,Texas,yes,South;West,5.145,,2.035,,2007,1720,1720,0,0,,,
3009,Single-Family Home,Austin,Texas,yes,South,6.25,6.25,,,2008,1252,1252,0,0,,,
3039,Single-Family Home,Austin,Texas,yes,West,6.25,0,6.25,0,2010,3246,1706,1540,0,,,
3456,Single-Family Home,Austin,Texas,yes,South;West,6.105,4.07,2.035,,2008,1720,1720,0,0,,,
3482,Town Home,Austin,Texas,yes,West,5.13,,5.13,,2009,1900,950,950,0,,,yes
3739,Town Home,Austin,Texas,,,,,,,2009,2020,1074,946,0,,,
3918,Single-Family Home,Austin,Texas,yes,South;East,6.84,5.13,,1.71,2008,3023,1473,1550,0,,,
3967,Single-Family Home,Austin,Texas,yes,South;West,6.12,3.24,2.88,,2008,2521,2521,0,0,,,yes
4031,Single-Family Home,Austin,Texas,yes,South;West,6.37,3.185,3.185,,2007,1946,1001,945,0,,,
4228,Single-Family Home,Austin,Texas,,,,,,,2008,1240,620,620,0,,,
4336,Single-Family Home,Austin,Texas,yes,West,3.33,,3.33,,2009,2090,1168,922,0,,,yes
4421,Town Home,Austin,Texas,,,,,,,2008,1185,602,583,0,,,
4447,Single-Family Home,Austin,Texas,yes,South,6.37,6.37,0,0,2010,2713,1514,1199,0,,,
4590,Single-Family Home,Austin,Texas,,,,,,,2008,2669,1455,1214,0,,,
4671,Single-Family Home,Austin,Texas,,,,,,,2008,1240,620,620,0,,,
4726,Single-Family Home,Austin,Texas,,,,,,,2009,1994,1001,993,0,,,
4767,Single-Family Home,Austin,Texas,yes,South;West,5.5,3,2.5,,2008,2710,1508,1202,0,,,yes
4998,Single-Family Home,Austin,Texas,,,,,,,2008,2710,1508,1202,0,,,yes
5193,Single-Family Home,Austin,Texas,,,,,,,2008,2001,1435,566,0,,,
5275,Single-Family Home,Austin,Texas,yes,South;West,6.125,,3.92,,2007,2132,866,1266,0,,,
5403,Single-Family Home,Austin,Texas,yes,South;West,4.56,2.4,2.16,0,2007,1720,1720,0,0,,,yes
5545,Single-Family Home,Austin,Texas,yes,East,1.2,,,1.2,2009,1994,1001,993,0,,,
5972,Single-Family Home,Austin,Texas,yes,West,5.92,,5.92,0,2008,2843,1457,1386,0,,,
6423,Single-Family Home,Austin,Texas,yes,West,4.8,,4.8,,2008,1544,1096,448,0,,,
6836,Single-Family Home,Austin,Texas,yes,South,3.43,3.43,0,,2008,1217,1217,0,0,,,yes
6990,Single-Family Home,Austin,Texas,yes,South;West,6.615,3.43,3.185,,2008,2345,1385,960,0,,,yes
7024,Town Home,Austin,Texas,yes,,,,,,2008,1576,778,798,0,,,yes
7036,Single-Family Home,Austin,Texas,yes,,,,,,2007,2075,2075,0,0,,,
7113,Single-Family Home,Austin,Texas,,,,,,,2009,2241,2241,0,0,,,
7504,Single-Family Home,Austin,Texas,yes,South;West,5,1.5,3.5,,,,,,,,,
7536,Single-Family Home,Austin,Texas,yes,South;West,6.105,4.07,2.035,,2008,2710,1508,1202,0,,,
7680,Single-Family Home,Austin,Texas,yes,South;West,5.5,,2,,2008,2006,1440,566,0,,,
7731,Single-Family Home,Austin,Texas,yes,South;West,5.88,1.96,3.92,,2007,2194,1423,771,0,,,
7940,Single-Family Home,Austin,Texas,yes,West,5.25,,5.25,,2009,2214,1433,781,0,,,yes
8084,Single-Family Home,Austin,Texas,yes,South,8.84,8.84,0,,2008,2649,1639,1010,0,,,
8236,Single-Family Home,Austin,Texas,yes,South;West,6.25,4,2.25,,2008,1994,1001,993,0,,,yes
8317,Town Home,Austin,Texas,yes,South,2.94,2.94,0,,2008,1576,778,798,0,,,
8767,Single-Family Home,Austin,Texas,yes,South,4.07,4.07,,,2009,2240,1478,762,0,,,
8829,Single-Family Home,Austin,Texas,yes,South;West,6.66,3.33,3.33,,2008,2669,1455,1214,0,,,
9121,Single-Family Home,Austin,Texas,yes,South;West,6.125,2.94,3.185,0,2007,1981,788,1193,0,,,
9134,Single-Family Home,Austin,Texas,yes,South,4.995,4.995,,,2007,2122,1162,960,0,,,
9160,Single-Family Home,Austin,Texas,yes,South;West,4.5,1.98,2.52,,2008,2310,1385,925,0,,,
9237,Single-Family Home,Austin,Texas,,,,,,,2008,1720,1720,0,0,,,
9729,Single-Family Home,Austin,Texas,yes,South;West,6.37,2.45,3.92,,2008,2196,1424,772,0,,,yes
5524,Single-Family Home,Austin,Texas,,,,,,,2009,2001,1435,566,0,,,
583,Single-Family Home,Austin,Texas,,,,,,,1952,1091,1091,0,0,0,0,
4922,Single-Family Home,Austin,Texas,yes,,3,,,,1985,2236,956,1280,0,0,0,
1994,Single-Family Home,Austin,Texas,,,,,,,2011,2152,1315,837,0,0,0,
8188,Single-Family Home,Austin,Texas,,,,,,,,912,,,,,,
9343,Single-Family Home,Austin,Texas,,,,,,,1958,1800,1800,0,0,0,0,
6941,Single-Family Home,Austin,Texas,yes,,6,,,,2007,2638,1520,0,0,0,1118,yes
624,Single-Family Home,Austin,Texas,yes,,4.5,,,,1948,2227,1795,432,0,0,0,yes
2156,Single-Family Home,Austin,Texas,,,,,,,1983,1743,1743,0,0,0,0,
1953,Single-Family Home,Austin,Texas,,,,,,,1948,1512,1512,0,0,0,0,yes
8092,Single-Family Home,Austin,Texas,yes,,,,,,2006,1828,906,922,0,0,0,
990,Single-Family Home,Austin,Texas,,,,,,,1959,1392,,,,,,
1600,Single-Family Home,Austin,Texas,,,,,,,1939,1575,1575,,,,,
2004,Single-Family Home,Austin,Texas,,,,,,,1970,1974,1974,0,0,0,0,
2199,Single-Family Home,Austin,Texas,yes,South,4.995,4.995,0,0,2002,1382,1382,0,0,0,0,
2365,Single-Family Home,Austin,Texas,,,,,,,1930,2540,1890,650,0,0,0,yes
2378,Single-Family Home,Austin,Texas,,,,,,,1947,1652,1652,0,0,0,0,
2749,Single-Family Home,Austin,Texas,,,,,,,,,,,,,,
2787,Single-Family Home,Austin,Texas,,,,,,,,2001,,,,,,
2953,Single-Family Home,Austin,Texas,,,,,,,1957,1482,1482,0,0,0,0,
3531,Single-Family Home,Austin,Texas,,,,,,,1954,1176,1176,0,0,0,0,
4220,Single-Family Home,Austin,Texas,,,,,,,1930,1570,1570,0,0,0,0,
4298,Single-Family Home,Austin,Texas,,,,,,,1947,953,953,0,0,0,0,
4395,Single-Family Home,Austin,Texas,,,,,,,1947,1448,1448,0,0,0,0,
5026,Single-Family Home,Austin,Texas,,,,,,,2006,1583,1070,513,0,0,0,
5035,Single-Family Home,Austin,Texas,yes,,,,,,1959,1630,1630,,,,,
5806,Single-Family Home,Austin,Texas,,,,,,,2006,1912,914,998,0,0,0,
5968,Single-Family Home,Austin,Texas,,,,,,,,,,,,,,
6180,Single-Family Home,Austin,Texas,yes,,,,,,,,,,,,,
7335,Single-Family Home,Austin,Texas,,,,,,,2006,2441,1593,0,0,0,848,
7390,Single-Family Home,Austin,Texas,,,,,,,1963,2046,2046,0,0,0,0,
7788,Single-Family Home,Austin,Texas,yes,,,,,,2008,1434,717,717,0,0,0,
7809,Single-Family Home,Austin,Texas,,,,,,,,,,,,,,
7951,Single-Family Home,Austin,Texas,,,,,,,1971,2148,2148,0,0,0,0,
8142,Single-Family Home,Austin,Texas,yes,,,,,,1993,3089,1524,1355,0,0,210,yes
8332,Single-Family Home,Austin,Texas,,,,,,,1954,1296,1296,0,0,0,0,
9699,Single-Family Home,Austin,Texas,,,,,,,1957,978,978,0,0,0,0,
3570,Single-Family Home,Austin,Texas,,,,,,,1938,1065,1065,0,0,0,0,
7454,Single-Family Home,Austin,Texas,,,,,,,2007,1422,1422,0,0,,,
5077,Single-Family Home,Austin,Texas,,,,,,,1980,1480,1480,0,0,,,
2094,Single-Family Home,Austin,Texas,yes,South;West,6.105,2.035,4.07,,2007,2310,1385,925,0,0,0,
4302,Single-Family Home,Austin,Texas,yes,South;West,6.5,3,3.5,,2009,2521,2521,0,0,0,0,
8626,Single-Family Home,Austin,Texas,yes,South,6.615,6.615,0,,2011,3959,1773,2186,0,0,0,
9631,Single-Family Home,Austin,Texas,yes,South,4.41,4.41,0,,2008,1544,,,,,,
2305,Single-Family Home,Austin,Texas,yes,West,5.145,5.145,,0,,2122,,,,,,
7016,Single-Family Home,Austin,Texas,yes,South;West,6.105,4.07,2.035,0,2008,2710,1508,1202,0,,,
6643,Single-Family Home,Austin,Texas,yes,South,5.75,5.75,0,,2008,2154,,,,,,
9509,Single-Family Home,Austin,Texas,yes,South;East,8.14,6.105,,2.035,2007,2324,1484,840,0,0,0,
5615,Single-Family Home,Austin,Texas,yes,South;West,6.25,4,2.25,,2009,2216,1434,782,0,0,0,
890,Single-Family Home,Austin,Texas,yes,South,6.25,6.25,0,,2008,2196,1424,772,0,0,0,
7429,Single-Family Home,Austin,Texas,yes,South;West,7.25,2.25,5,,2007,2521,2521,0,0,0,0,
5892,Single-Family Home,Austin,Texas,yes,West,5.25,0,5.25,0,2007,2122,1162,960,0,0,0,
4357,Single-Family Home,Austin,Texas,yes,South,4,4,0,,2008,1069,,,,,,
171,Single-Family Home,Austin,Texas,yes,West,6.25,,6.25,,2008,2376,1476,900,0,0,0,
8967,Single-Family Home,Austin,Texas,yes,South;West,6.25,4,2.25,,2007,2001,1435,566,0,0,0,
5439,Single-Family Home,Austin,Texas,yes,South,4,4,0,,2008,1544,,,,,,
3256,Single-Family Home,Austin,Texas,,,,,,,1959,1276,1276,0,0,,,
6493,Single-Family Home,Austin,Texas,,,,,,,1955,1492,1492,0,0,,,
7683,Single-Family Home,Austin,Texas,,,,,,,1955,1088,1088,0,0,,,
9927,Single-Family Home,Austin,Texas,,,,,,,1951,5196,3184,2012,0,,,
3724,Single-Family Home,Austin,Texas,,,,,,,1984,1015,1015,0,0,,,
9925,Single-Family Home,Austin,Texas,,,,,,,1930,2208,1424,0,0,784,,
7488,Single-Family Home,Austin,Texas,,,,,,,1950,1260,1260,0,0,,,
8719,Single-Family Home,Austin,Texas,,,,,,,1950,1235,1235,0,0,,,
3834,Single-Family Home,Austin,Texas,,,,,,,1959,3179,3179,0,0,,,
9930,Single-Family Home,Austin,Texas,,,,,,,1996,1649,1649,0,0,,,
2062,Single-Family Home,Austin,Texas,,,,,,,1997,2214,2214,0,0,,,
9923,Single-Family Home,Austin,Texas,,,,,,,1958,1709,1709,0,0,,,
4251,Single-Family Home,Austin,Texas,,,,,,,1973,1830,1830,0,0,,,
900,Single-Family Home,Austin,Texas,,,,,,,1945,944,944,0,0,,,
8600,Single-Family Home,Austin,Texas,,,,,,,1981,1619,821,798,0,,,
8741,Single-Family Home,Austin,Texas,yes,South,3.2,3.2,,,1953,1533,1533,0,0,,,
4154,Single-Family Home,Austin,Texas,yes,,,,,,1962,1076,1076,0,0,,,
936,Single-Family Home,Austin,Texas,yes,,2.6,,,,1955,1736,1736,0,0,,,
2829,Single-Family Home,Austin,Texas,,,,,,,1942,1485,1485,0,0,,,
3109,Single-Family Home,Austin,Texas,,,,,,,1948,1061,1061,0,0,,,
6910,Single-Family Home,Austin,Texas,,,,,,,1967,2698,1466,1232,0,,,yes
9654,Single-Family Home,Austin,Texas,,,,,,,1954,1237,1237,0,0,,,
6636,Single-Family Home,Austin,Texas,,,,,,,1953,1522,1522,0,0,,,
9933,Single-Family Home,Austin,Texas,,,,,,,1952,1424,1424,0,0,,,
5874,Single-Family Home,Austin,Texas,yes,,,,,,1955,1215,1215,0,0,,,
484,Single-Family Home,Austin,Texas,,,,,,,1977,1592,1592,0,0,,,
6673,Single-Family Home,Austin,Texas,,,,,,,1985,1257,1257,0,0,,,
739,Single-Family Home,Austin,Texas,,,,,,,1967,802,802,0,0,,,
7866,Single-Family Home,Austin,Texas,,,,,,,1983,960,960,0,0,,,
2171,Single-Family Home,Austin,Texas,,,,,,,1980,1628,818,810,0,,,
9766,Single-Family Home,Austin,Texas,,,,,,,1977,1917,1385,532,0,,,
86,Single-Family Home,Austin,Texas,,,,,,,1948,1788,1788,0,0,,,
93,Single-Family Home,Austin,Texas,yes,South,6.105,6.105,0,,1993,2934,2934,0,0,,,
94,Single-Family Home,Austin,Texas,,,,,,,1975,1713,1713,0,0,,,
103,Single-Family Home,Austin,Texas,,,,,,,1951,1785,1245,540,0,,,
410,Single-Family Home,Austin,Texas,,,,,,,1953,1152,1152,0,0,,,
748,Single-Family Home,Austin,Texas,,,,,,,1980,1616,1616,0,0,,,
871,Single-Family Home,Austin,Texas,,,,,,,1958,1652,1652,0,0,,,
898,Single-Family Home,Austin,Texas,,,,,,,1974,1221,1221,0,0,,,
1314,Single-Family Home,Austin,Texas,,,,,,,1961,1512,1512,0,0,,,
1334,Single-Family Home,Austin,Texas,,,,,,,1956,1010,1010,0,0,,,
1589,Single-Family Home,Austin,Texas,,,,,,,1994,2426,2426,0,0,,,
1714,Single-Family Home,Austin,Texas,yes,,5.6,,,,1950,1934,1934,0,0,,,yes
1796,Single-Family Home,Austin,Texas,,,,,,,1949,1590,1590,0,0,,,
2149,Single-Family Home,Austin,Texas,,,,,,,1965,3796,1739,2057,0,,,
2158,Single-Family Home,Austin,Texas,,,,,,,1960,1186,1186,0,0,,,
2864,Single-Family Home,Austin,Texas,yes,South,6.44,6.44,0,,1963,1973,,,,,,
3342,Single-Family Home,Austin,Texas,,,,,,,1958,3048,3048,0,0,,,
3778,Single-Family Home,Austin,Texas,,,,,,,1971,1262,1262,0,0,,,
3831,Single-Family Home,Austin,Texas,,,,,,,1935,758,758,0,0,,,
4141,Single-Family Home,Austin,Texas,,,,,,,1964,1190,1190,0,0,,,
5218,Single-Family Home,Austin,Texas,yes,,5.5,,,,1986,2047,2047,0,0,,,
5292,Single-Family Home,Austin,Texas,,,,,,,1966,1959,1959,0,0,,,
5371,Single-Family Home,Austin,Texas,,,,,,,1941,937,937,0,0,,,
5746,Single-Family Home,Austin,Texas,,,,,,,1950,1768,1768,0,0,,,
5810,Single-Family Home,Austin,Texas,,,,,,,1965,1345,1345,0,0,,,
5949,Single-Family Home,Austin,Texas,,,,,,,1948,1962,1962,0,0,,,
6088,Single-Family Home,Austin,Texas,,,,,,,1969,3429,2021,1408,0,,,
6139,Single-Family Home,Austin,Texas,yes,South,4.42,4.42,0,,1970,2361,,,,,,yes
6246,Single-Family Home,Austin,Texas,,,,,,,1980,2235,1065,1170,0,,,
6394,Single-Family Home,Austin,Texas,,,,,,,1935,2537,2537,0,0,,,
6730,Single-Family Home,Austin,Texas,,,,,,,1967,1965,,,,,,
6794,Single-Family Home,Austin,Texas,,,,,,,1954,1232,1232,0,0,,,
6827,Single-Family Home,Austin,Texas,,,,,,,1960,1104,1104,0,0,,,
7161,Single-Family Home,Austin,Texas,,,,,,,1976,926,926,0,0,,,
7361,Single-Family Home,Austin,Texas,,,,,,,1920,944,944,0,0,,,
7531,Single-Family Home,Austin,Texas,,,,,,,2000,2305,1054,1251,0,,,
7589,Single-Family Home,Austin,Texas,,,,,,,1954,2013,2013,0,0,,,
7769,Single-Family Home,Austin,Texas,,,,,,,1953,960,960,0,0,,,
7989,Single-Family Home,Austin,Texas,yes,East,6.24,,,6.24,1973,2148,1748,400,0,,,yes
8031,Single-Family Home,Austin,Texas,,,,,,,1949,1058,1058,0,0,,,
8268,Single-Family Home,Austin,Texas,,,,,,,1954,1054,1054,0,0,,,
8399,Single-Family Home,Austin,Texas,,,,,,,1983,2427,2427,0,0,,,
9019,Single-Family Home,Austin,Texas,yes,South,2.88,2.88,0,,1990,1613,,,,,,
9356,Single-Family Home,Austin,Texas,,,,,,,1981,3381,1354,1590,437,,,
9499,Single-Family Home,Austin,Texas,,,,,,,1965,1112,1112,0,0,,,yes
9609,Town Home,Austin,Texas,,,,,,,1955,1080,1080,0,0,,,yes
9643,Single-Family Home,Austin,Texas,,,,,,,1957,1196,1196,0,0,,,
9727,Single-Family Home,Austin,Texas,,,,,,,1949,2000,2000,0,0,,,
9737,Single-Family Home,Austin,Texas,yes,South;East,10.4,2.6,,7.8,2001,5231,2704,2527,0,,,
9867,Single-Family Home,Austin,Texas,,,,,,,1965,1440,720,720,0,,,
9915,Single-Family Home,Austin,Texas,,,,,,,1960,1120,1120,0,0,,,
9916,Single-Family Home,Austin,Texas,,,,,,,1964,1386,1386,0,0,,,
9917,Single-Family Home,Austin,Texas,,,,,,,1980,2782,1530,1058,0,194,0,
9919,Single-Family Home,Austin,Texas,,,,,,,1981,2501,1537,964,0,,,
9920,Single-Family Home,Austin,Texas,,,,,,,1960,1080,1080,0,0,,,
9921,Single-Family Home,Austin,Texas,,,,,,,1958,1111,1111,0,0,,,
9922,Single-Family Home,Austin,Texas,,,,,,,2000,2331,2331,0,0,,,
9926,Single-Family Home,Austin,Texas,,,,,,,1992,2284,986,1298,0,0,0,
9929,Single-Family Home,Austin,Texas,,,,,,,1942,912,912,0,0,0,0,
9932,Single-Family Home,Austin,Texas,yes,South,5.2,5.2,,,1998,2177,1529,648,0,0,0,yes
9934,Single-Family Home,Austin,Texas,yes,,12,,,,1970,1904,,,,,,yes
9935,Single-Family Home,Austin,Texas,yes,,,,,,1997,4447,3817,630,0,0,0,yes
9936,Single-Family Home,Austin,Texas,,,,,,,1984,1523,1523,0,0,,,
9937,Single-Family Home,Austin,Texas,yes,,8.625,,,,1963,1923,,,,,,yes
9938,Single-Family Home,Austin,Texas,,,,,,,1952,2413,2413,0,0,,,
9939,Single-Family Home,Austin,Texas,yes,,,,,,1951,1440,1440,0,0,,,
9940,Single-Family Home,Austin,Texas,,,,,,,1961,1079,1079,0,0,,,
9941,Single-Family Home,Austin,Texas,,,,,,,1984,3041,2048,993,0,,,
9942,Single-Family Home,Austin,Texas,yes,East,0.7,,,0.7,1915,2050,,,,,,
8160,Single-Family Home,Austin,Texas,yes,South,4.07,4.07,,,,,,,,,,
1547,Single-Family Home,Austin,Texas,yes,West,3.33,,3.33,,,,,,,,,
5002,Single-Family Home,Austin,Texas,yes,West,,,3.885,,,,,,,,,
3198,Single-Family Home,Austin,Texas,yes,South;East,4.995,3.33,,1.665,,,,,,,,
9969,Single-Family Home,Austin,Texas,,,,,,,,,,,,,,
5438,Single-Family Home,Austin,Texas,yes,South;West,5.7,3.8,1.9,,2008,2075,,,,,,
9451,Single-Family Home,Austin,Texas,yes,South;West,5.92,2.96,2.96,0,2008,2710,,,,,,
9277,Single-Family Home,Austin,Texas,yes,South,6.24,6.24,0,,2009,3255,,,,,,
6545,Single-Family Home,Austin,Texas,yes,South,6.25,6.25,0,,2007,3459,2237,1222,0,0,0,
1630,Single-Family Home,Austin,Texas,yes,South,6.44,6.44,0,0,2011,3727,1631,2096,0,0,,
7243,Single-Family Home,Austin,Texas,,,,,,,,,,,,,,
1782,Single-Family Home,Austin,Texas,yes,South;West,6.25,,2.25,,2009,2669,1455,1214,0,0,0,yes
3964,Single-Family Home,Austin,Texas,yes,South;West,6,,2.75,,2008,1946,1001,945,0,0,0,
7240,Single-Family Home,Austin,Texas,yes,South;West,5.92,4.44,1.448,,2010,2196,1424,772,0,0,0,
555,Single-Family Home,Austin,Texas,yes,South;West,6.37,3.92,2.45,,2008,1972,1041,931,0,0,0,
1601,Single-Family Home,Austin,Texas,yes,South;West,6.125,,3.185,,2007,2340,1352,988,0,0,0,
1153,Single-Family Home,Austin,Texas,yes,South;West,5.76,2.88,2.88,0,2008,3249,1532,1717,0,0,0,
4135,Single-Family Home,Austin,Texas,yes,West,3.705,,3.705,,2008,1392,1392,0,0,0,0,yes
6871,Single-Family Home,Austin,Texas,yes,South,4.5,4.5,0,,2009,1439,,,,,,yes
8852,Single-Family Home,Austin,Texas,,,,,,,2011,1459,602,857,0,0,0,
3224,Single-Family Home,Austin,Texas,yes,South;West,5.635,3.43,2.205,,2008,2001,1435,566,0,0,0,
121,Town Home,Austin,Texas,yes,,5.4,,,,2008,1900,950,950,0,0,0,
861,Single-Family Home,Austin,Texas,yes,South,4.25,4.25,0,,2007,1946,1001,945,0,0,0,
364,Single-Family Home,Austin,Texas,yes,South,6.25,6.25,0,,2008,2196,1424,772,0,0,0,yes
5817,Single-Family Home,Austin,Texas,yes,South;West,6.125,2.94,3.185,,2007,2001,1435,566,0,0,0,
9773,Single-Family Home,Austin,Texas,,,,,,,,2579,1586,993,,,,
4505,Town Home,Austin,Texas,yes,West,5.17,,5.17,,2009,1576,778,798,0,0,0,yes
7863,Single-Family Home,Austin,Texas,yes,South;West,6.25,4,2.25,,2009,1994,,,,,,yes
9600,Single-Family Home,Austin,Texas,yes,West,4.6,,4.6,,,,,,,,,
2742,Single-Family Home,Austin,Texas,yes,South;West,6.125,2.205,3.92,,2009,2214,1433,781,0,0,0,
6266,Single-Family Home,Austin,Texas,yes,South;West,6.27,2.09,4.18,,2008,2345,1385,960,0,0,0,
8669,Single-Family Home,Austin,Texas,yes,South;West,6.25,,2.25,,2009,2919,1401,1518,0,0,0,yes
8155,Single-Family Home,Austin,Texas,yes,South;West,6.25,3,3.25,,2008,2471,1435,1036,0,0,0,
2755,Single-Family Home,Austin,Texas,yes,South;West,6.125,,2.94,,2008,2385,1385,1000,0,0,0,
3367,Single-Family Home,Austin,Texas,yes,West,5.88,,5.88,,2007,2843,,,,,,yes
1403,Town Home,Austin,Texas,,,,,,,2010,1724,986,738,,,,
1697,Single-Family Home,Austin,Texas,yes,South;West,5.98,3.68,2.3,,2008,2236,1444,792,0,0,,yes
4297,Single-Family Home,Austin,Texas,yes,South;West,4.165,1.96,2.205,,2009,1439,1439,0,0,0,0,
7560,Single-Family Home,Austin,Texas,yes,South,5.55,5.55,0,0,2007,2345,1385,960,0,0,0,
187,Single-Family Home,Austin,Texas,yes,West,5.25,,5.25,,2008,2122,1162,960,0,0,0,
252,Single-Family Home,Austin,Texas,yes,South;West,5.145,2.205,2.94,,2008,2669,1455,1214,0,0,0,
1103,Single-Family Home,Austin,Texas,yes,South;West,3.92,1.715,2.205,,2007,2122,1162,960,0,0,0,
1169,Single-Family Home,Austin,Texas,yes,South,3.885,3.885,0,0,2008,1469,1469,0,0,0,0,yes
1283,Single-Family Home,Austin,Texas,yes,West;East,6.5,,2,4.5,2007,2679.5,2679.5,,,,,
1415,Single-Family Home,Austin,Texas,yes,South;West,3.885,1.85,2.035,,2008,1720,1720,0,0,0,0,
1792,Single-Family Home,Austin,Texas,yes,South;West,6.25,4,2.25,,2008,2001,1435,566,0,0,,
2449,Town Home,Austin,Texas,yes,South,4.75,4.75,0,,2008,1576,778,798,0,0,,
2470,Single-Family Home,Austin,Texas,yes,South,3.5,3.5,0,,2008,1544,1096,448,0,0,0,yes
2792,Single-Family Home,Austin,Texas,yes,,,,,,2008,3249,,,,,,
2925,Single-Family Home,Austin,Texas,yes,South;East,6.105,4.07,0,2.035,2010,2293.5,2293.5,,,,,
2965,Single-Family Home,Austin,Texas,yes,South;West,6.345,3.92,3.055,,2007,1720,,,,,,yes
2980,Single-Family Home,Austin,Texas,yes,South;West,5.145,2.94,2.205,,2009,1556,1556,0,0,0,0,
2986,Single-Family Home,Austin,Texas,yes,South;West,6.25,4,2.25,,2008,2310,,,,,,
3134,Single-Family Home,Austin,Texas,yes,South;West,6.25,2.25,4,,2008,1240,,,,,,
3527,Single-Family Home,Austin,Texas,yes,South;West,5.92,4.44,1.48,,2008,2075,,,,,,
3538,Single-Family Home,Austin,Texas,yes,South;West,5.25,1.75,3.5,,2007,1720,1720,0,0,0,0,
3635,Single-Family Home,Austin,Texas,yes,South;West,6.86,3.43,3.43,,2007,2521,2521,0,0,0,0,
3719,Single-Family Home,Austin,Texas,yes,South;West,6.25,,2.25,,2007,2843,,,,,,
3723,Single-Family Home,Austin,Texas,yes,South;West,6.11,3.29,2.82,,2008,1544,,,,,,yes
3935,Single-Family Home,Austin,Texas,yes,South;West,4.655,,3.185,,2008,1544,1096,448,0,0,0,
4193,Single-Family Home,Austin,Texas,yes,South;West,4.75,2.5,2.25,,2008,2669,,,,,,
4373,Single-Family Home,Austin,Texas,yes,South;West,6.125,,3.92,,2008,2122,,,,,,yes
4526,Single-Family Home,Austin,Texas,yes,South;West,6.105,,4.07,,2009,2521,1476,1045,,,,yes
4732,Single-Family Home,Austin,Texas,yes,South;West,4,2,2,,2008,1422,,,,,,
4743,Single-Family Home,Austin,Texas,,,,,,,2011,2071.5,680.5,1028,363,0,0,
5129,Single-Family Home,Austin,Texas,yes,South,5.145,5.145,0,,2008,1439,1439,0,0,0,0,
5246,Single-Family Home,Austin,Texas,yes,South;West,6.25,2.25,4,,2009,1994,,,,,,
5395,Single-Family Home,Austin,Texas,yes,South,3.96,3.96,,,2008,1556,,,,,,
5484,Single-Family Home,Austin,Texas,,,,,,,,,,,,,,
5738,Single-Family Home,Austin,Texas,yes,West,5.92,,5.92,,2008,2843,1457,1386,0,0,0,
5796,Single-Family Home,Austin,Texas,yes,South,4.25,4.25,0,,2007,1720,1720,0,0,0,0,
5921,Single-Family Home,Austin,Texas,yes,,,,,,2008,2001,1435,566,0,0,0,
6473,Single-Family Home,Austin,Texas,,,,,,,,,,,,,,
6578,Town Home,Austin,Texas,yes,South;West,6.25,4,2.25,,2008,2020,,,,,,
6685,Single-Family Home,Austin,Texas,,,,,,,2011,1539,576,963,0,0,0,
7108,Single-Family Home,Austin,Texas,yes,South;West,4.25,,2,,2011,1435,602,833,0,0,0,
7460,Single-Family Home,Austin,Texas,yes,South;East,6.21,2.3,0,3.91,,,,,,,,
7627,Single-Family Home,Austin,Texas,yes,South;West,5.712,2.856,2.856,0,2008,2669,1455,1214,0,0,0,
7682,Single-Family Home,Austin,Texas,yes,South,5.55,5.55,0,,2008,1948,,,,,,
7739,Single-Family Home,Austin,Texas,yes,South,5,5,0,,2008,1439,1439,0,0,0,,
7741,Town Home,Austin,Texas,yes,South,6.125,6.125,0,,2008,1842,1379,463,0,0,0,
7800,Single-Family Home,Austin,Texas,yes,South,5.145,5.145,0,,2008,2075,2075,,,,,
7813,Town Home,Austin,Texas,,,,,,,2009,1576,,,,,,
7850,Single-Family Home,Austin,Texas,yes,South;West,6,2.5,3.5,,2007,2345,1385,960,0,0,0,yes
7900,Single-Family Home,Austin,Texas,yes,South;West,6.27,2.59,3.68,,2009,2631.5,2631.5,0,0,0,0,
7919,Single-Family Home,Austin,Texas,yes,West,6.105,0,6.105,0,2008,3246,1706,1540,0,0,0,
7965,Single-Family Home,Austin,Texas,yes,South;West,6.25,3.25,3,,2009,3242,1540,1702,0,0,0,
8156,Single-Family Home,Austin,Texas,yes,,6.7,,,,2008,2669,1455,1214,0,0,0,yes
8386,Single-Family Home,Austin,Texas,,,,,,,2007,1720,1720,,,,,
8467,Single-Family Home,Austin,Texas,yes,South,5.18,5.18,0,,2011,3165,,,,,,
9052,Single-Family Home,Austin,Texas,yes,South;West,6,3.25,2.75,,2008,2345,1385,960,0,0,0,
9620,Single-Family Home,Austin,Texas,yes,South;West,5.92,,4.07,,2007,2345,1385,960,0,0,0,
9971,Single-Family Home,Austin,Texas,yes,South;West,6.125,2.205,3.92,,2009,2938,1459,1479,0,0,0,
9982,Single-Family Home,Austin,Texas,yes,South,3.675,3.675,,,2008,1422,1422,,,,,
1508,Single-Family Home,Austin,Texas,yes,West,5.145,5.145,,0,,2122,,,,,,
3632,Single-Family Home,Austin,Texas,yes,South;West,6.125,3.185,2.94,,2008,1720,1720,,,,,
6498,Single-Family Home,Austin,Texas,,,,,,,1926,2164,1106,1058,0,0,0,
1632,Single-Family Home,Austin,Texas,,,,,,,,2244,,,,,,
3392,Single-Family Home,Austin,Texas,,,,,,,1912,2053,,,,,,
5210,Single-Family Home,Austin,Texas,,,,,,,1949,1027,1027,0,0,0,0,
991,Single-Family Home,Austin,Texas,yes,South;West,5.94,4.32,1.62,0,2010,2919,1401,1518,,,,
7856,Single-Family Home,Austin,Texas,,,,,,,,,,,,,,
6979,Single-Family Home,Austin,Texas,yes,South,4.255,4.255,0,,2008,1946,1001,945,0,0,0,
6112,Single-Family Home,Austin,Texas,yes,,,,,,,,,,,,,
7794,Single-Family Home,Austin,Texas,yes,South;West,6.29,3.51,2.78,0,2008,2345,1385,960,0,0,0,
7117,Single-Family Home,Austin,Texas,,,,,,,2007,2122,1162,960,,,,
8059,Single-Family Home,Austin,Texas,yes,,,,,,2009,2006,1556,450,,,,
77,Single-Family Home,Austin,Texas,yes,South;West,3.7,1.085,1.085,,2009,2669,1455,1214,,,,
1413,Town Home,Austin,Texas,,,,,,,,,,,,,,
1791,Single-Family Home,Austin,Texas,yes,South,5.98,5.98,,,2008,2631.5,2631.5,0,0,0,0,
1947,Single-Family Home,Austin,Texas,,,,,,,1955,1419,1419,,,,,
2072,Single-Family Home,Austin,Texas,yes,South;West,5,2.25,2.75,,2008,3023,1473,1550,0,0,0,
3301,Single-Family Home,Austin,Texas,,,,,,,,,,,,,,
3849,Single-Family Home,Austin,Texas,yes,East,6.48,,0,6.48,2009,2297,2297,,,,,
4029,Single-Family Home,Austin,Texas,,,,,,,2008,3023,1473,1550,0,0,0,
4352,Town Home,Austin,Texas,yes,South;West,5,,2.5,,2008,1946,1001,945,,,,yes
4356,Single-Family Home,Austin,Texas,,,,,,,,,,,,,,
4514,Single-Family Home,Austin,Texas,yes,South;West,6.11,3.76,2.35,,2007,2122,1162,960,0,0,0,
5131,Single-Family Home,Austin,Texas,,,,,,,,,,,,,,
7566,Single-Family Home,Austin,Texas,,,,,,,,,,,,,,
7767,Single-Family Home,Austin,Texas,yes,South,5.92,5.92,0,,2008,1252,1252,0,0,0,0,
8086,Single-Family Home,Austin,Texas,yes,West,5.635,,5.635,,2008,2919,1401,1518,0,0,0,
8419,Single-Family Home,Austin,Texas,yes,South,4.07,4.07,0,0,2009,2962,1603,1359,,,,
8911,Town Home,Austin,Texas,,,,,,,,,,,,,,
8956,Town Home,Austin,Texas,,,,,,,2009,1240,620,620,0,0,0,
9248,Single-Family Home,Austin,Texas,yes,,,,,,2007,3754,1920,1665,169,0,0,
9278,Single-Family Home,Austin,Texas,yes,,6.9,,,,2009,3015,1497,1518,0,0,0,yes
7304,Single-Family Home,Austin,Texas,,,,,,,,,,,,,,
285,Single-Family Home,Austin,Texas,yes,,,,,,2008,2919,1401,1518,,,,
4874,Single-Family Home,Austin,Texas,yes,South;West,6.11,3.29,2.82,,2010,2021,1383,638,0,0,0,
5677,Single-Family Home,Austin,Texas,,,,,,,1948,996,,,,,,
946,Single-Family Home,Austin,Texas,,,,,,,2009,2074,1008,1066,,,,
1473,Single-Family Home,Austin,Texas,,,,,,,,,,,,,,
6773,Single-Family Home,Austin,Texas,,,,,,,,,,,,,,
7641,Single-Family Home,Austin,Texas,,,,,,,2008,2122,1162,960,,,,
6524,Single-Family Home,Austin,Texas,,,,,,,,,,,,,,
3146,Single-Family Home,Austin,Texas,,,,,,,,,,,,,,
7510,Single-Family Home,Austin,Texas,yes,,6.24,,,,1991,3780,1939,1841,0,0,0,
4641,Single-Family Home,Austin,Texas,,,,,,,2009,1518,759,759,0,0,0,yes
8292,Single-Family Home,Austin,Texas,,,,,,,2012,2377,1508,869,0,0,0,
9849,Single-Family Home,Austin,Texas,,,,,,,,,,,,,,
9830,Single-Family Home,Austin,Texas,,,,,,,1968,1905,1905,0,0,0,0,yes
7881,Single-Family Home,Austin,Texas,,,,,,,1972,1411,1411,,,,,
6826,Single-Family Home,Austin,Texas,,,,,,,2005,1248,514,734,0,0,0,
1042,Town Home,Austin,Texas,,,,,,,,,,,,,,
417,Single-Family Home,Austin,Texas,,,,,,,,,,,,,,
2615,Single-Family Home,Austin,Texas,,,,,,,,,,,,,,
4187,Single-Family Home,Austin,Texas,,,,,,,,,,,,,,
6182,Single-Family Home,Austin,Texas,,,,,,,,,,,,,,
9875,Single-Family Home,Austin,Texas,,,,,,,1939,1241,,,,,,
6121,Single-Family Home,Austin,Texas,yes,,6,,,,2010,2174,972,1202,0,0,0,yes
1556,Town Home,Austin,Texas,,,,,,,,,,,,,,
4092,Single-Family Home,Austin,Texas,,,,,,,,,,,,,,
4946,Single-Family Home,Austin,Texas,,,,,,,2007,2212,1190,1022,0,0,0,
9944,Single-Family Home,Austin,Texas,,,,,,,,,,,,,,
1619,Single-Family Home,Austin,Texas,,,,,,,,,,,,,,
8197,Single-Family Home,Austin,Texas,yes,,9.6,,,,1999,3951.5,2390,1561.5,0,0,0,yes
4957,Single-Family Home,Austin,Texas,yes,,6,,,,2006,3381,2135,1246,0,0,0,yes
3500,Single-Family Home,Austin,Texas,,,,,,,2001,3090,2000,1090,0,0,0,
5357,Single-Family Home,Austin,Texas,yes,West,15.3,,15.3,,2011,3225,3225,,,,,yes
4213,Town Home,Austin,Texas,,,,,,,2012,1674,245,1429,0,0,0,
9613,Single-Family Home,Austin,Texas,,,,,,,1969,1597,1597,0,0,0,0,
3235,Single-Family Home,Austin,Texas,,,,,,,1948,1168,1168,,,,,
2946,Single-Family Home,Austin,Texas,,,,,,,,,,,,,,
9141,Single-Family Home,Austin,Texas,,,,,,,1954,1933,1933,0,0,0,0,
2242,Single-Family Home,Austin,Texas,,,,,,,1999,3489,2097,1392,0,0,0,
4575,Single-Family Home,Austin,Texas,,,,,,,2007,1834,1066,768,,,,
2974,Single-Family Home,Austin,Texas,,,,,,,2001,3442,2347,1095,0,0,0,
5568,Single-Family Home,Austin,Texas,,,,,,,1999,3497,2199,1298,0,0,0,
3036,Single-Family Home,Austin,Texas,yes,South;West,4.5,2.75,1.75,,2011,2100.5,709.5,1028,363,,,yes
5164,Single-Family Home,Austin,Texas,,,,,,,1994,4513,4513,,,,,
520,Single-Family Home,Austin,Texas,,,,,,,,,,,,,,
1681,Single-Family Home,Austin,Texas,,,,,,,1927,1456,1456,,,,,
3829,Single-Family Home,Austin,Texas,yes,,6,,,,2010,2385,2385,,,,,yes
7419,Single-Family Home,Austin,Texas,,,,,,,,,,,,,,
9771,Single-Family Home,Austin,Texas,,,,,,,2000,3364,1544,1820,0,0,0,
8079,Single-Family Home,Austin,Texas,,,,,,,1993,3131,1892,1239,0,0,0,
5814,Single-Family Home,Austin,Texas,,,,,,,1951,1080,,,,,,
9474,Single-Family Home,Austin,Texas,,,,,,,2008,1994,1001,993,0,0,0,
6692,Single-Family Home,Austin,Texas,,,,,,,2007,2521,2521,0,0,0,0,
580,Single-Family Home,Austin,Texas,,,,,,,1962,1770,1770,,,,,
5636,Single-Family Home,Austin,Texas,,,,,,,,,,,,,,
9701,Single-Family Home,Austin,Texas,,,,,,,2008,1184.5,602,582.5,,,,
26,Single-Family Home,Austin,Texas,yes,South,6,6,,,2008,2075,2075,0,0,0,0,yes
5412,Single-Family Home,Austin,Texas,,,,,,,,,,,,,,
6072,Single-Family Home,Austin,Texas,,,,,,,1953,1636,,,,,,yes
160,Single-Family Home,Austin,Texas,,,,,,,1948,1018,,,,,,
9578,Single-Family Home,Austin,Texas,,,,,,,1972,1656,1656,0,0,0,0,
8703,Single-Family Home,Austin,Texas,,,,,,,2007,1439,1439,0,0,0,0,
9484,Single-Family Home,Austin,Texas,,,,,,,1984,3043,1790,1253,0,0,0,yes
2769,Single-Family Home,Austin,Texas,,,,,,,1946,1505,1505,0,0,0,0,yes
434,Single-Family Home,Austin,Texas,yes,South,,,,,2007,2158,1189,969,,,,
8071,Single-Family Home,Austin,Texas,,,,,,,,6160,6160,,,,,
6418,Single-Family Home,Austin,Texas,,,,,,,1967,2363,2363,,,,,
3504,Single-Family Home,Austin,Texas,,,,,,,1967,1862,,,,,,
222,Single-Family Home,Austin,Texas,,,,,,,1966,2226,2226,0,0,0,0,
773,Single-Family Home,Austin,Texas,,,,,,,,,,,,,,
1507,Single-Family Home,Austin,Texas,,,,,,,1967,2892,2342,550,0,0,0,
2034,Single-Family Home,Austin,Texas,,,,,,,1967,1919,1919,0,0,0,0,
3893,Single-Family Home,Austin,Texas,,,,,,,1966,2699,1559,1140,0,0,0,
6407,Single-Family Home,Austin,Texas,,,,,,,,,,,,,,
6412,Single-Family Home,Austin,Texas,yes,South,4.42,4.42,,,1968,3877,2381,1496,,,,
7287,Single-Family Home,Austin,Texas,,,,,,,1967,1964,1964,,,,,
9295,Single-Family Home,Austin,Texas,,,,,,,1966,3062,3062,0,0,0,0,
9639,Single-Family Home,Austin,Texas,,,,,,,1964,2052,2052,,,,,
1551,Single-Family Home,Austin,Texas,,,,,,,2008,1184.5,602,582.5,0,0,0,
1086,Single-Family Home,Austin,Texas,,,,,,,1950,1196,1196,0,0,0,0,
2641,Single-Family Home,Austin,Texas,,,,,,,1950,1115,1115,0,0,0,0,
5209,Town Home,Austin,Texas,,,,,,,2012,1733,1328,405,0,0,0,
6576,Single-Family Home,Austin,Texas,,,,,,,,,,,,,,
7319,Single-Family Home,Austin,Texas,,,,,,,1990,3108,1764,1344,0,0,0,
7901,Single-Family Home,Austin,Texas,,,,,,,2007,2122,,,,,,
6101,Single-Family Home,Austin,Texas,,,,,,,2011,1435,602,833,,,,yes
7096,Single-Family Home,Georgetown,Texas,,,,,,,,,,,,,,
7674,Single-Family Home,Austin,Texas,,,,,,,,,,,,,,
3805,Single-Family Home,Austin,Texas,,,,,,,,,,,,,,
5102,Single-Family Home,Austin,Texas,,,,,,,,,,,,,,
4252,Single-Family Home,Austin,Texas,,,,,,,,,,,,,,
8565,Town Home,Austin,Texas,,,,,,,2009,1998,1052,946,,,,
1518,Single-Family Home,Austin,Texas,,,,,,,,,,,,,,
2647,Single-Family Home,Austin,Texas,,,,,,,,,,,,,,
6103,Single-Family Home,Austin,Texas,,,,,,,,,,,,,,
5109,Single-Family Home,Austin,Texas,yes,,6,,,,1979,2920,1890,1030,0,0,0,yes
7017,Single-Family Home,Austin,Texas,yes,South;West,5.92,1.48,4.44,,2008,3249,1532,1717,,,,
7281,Single-Family Home,Dallas,Texas,,,,,,,,2208,2208,,,,,
1644,Single-Family Home,Dallas,Texas,,,,,,,,2902,2902,,,,,
4686,Single-Family Home,Houston,Texas,,,,,,,,,,,,,,
1853,Single-Family Home,Fort Worth,Texas,,,,,,,,2570,2570,,,,,
2797,Single-Family Home,Benbrook,Texas,,,,,,,,1560,1560,,,,,
3616,Single-Family Home,Fort Worth,Texas,,,,,,,,2400,2400,,,,,
3652,Single-Family Home,Austin,Texas,,,,,,,1978,2724,2724,,,,,yes
7368,Single-Family Home,Willow Park,Texas,,,,,,,,3097,2165,932,,,,
7645,Single-Family Home,Weatherford,Texas,,,,,,,,1970,1970,,,,,
7826,Single-Family Home,North Richland Hills,Texas,,,,,,,,3200,3200,,,,,
8115,Single-Family Home,Fort Worth,Texas,,,,,,,,1830,1830,,,,,
8437,Single-Family Home,Argyle,Texas,,,,,,,,5557,5076,481,,,,
8855,Single-Family Home,Fort Worth,Texas,,,,,,,,1270,1270,,,,,
8943,Single-Family Home,Bedford,Texas,,,,,,,,,,,,,,
1575,Single-Family Home,Fort Worth,Texas,,,,,,,,2270,2270,,,,,
1995,Single-Family Home,Grapevine,Texas,,,,,,,,2270,2270,,,,,
2250,Single-Family Home,Fort Worth,Texas,,,,,,,,3140,3140,,,,,
5752,Single-Family Home,Hurst,Texas,,,,,,,,2350,2350,,,,,
5392,Single-Family Home,Weatherford,Texas,,,,,,,,1908,1908,,,,,
7524,Single-Family Home,Austin,Texas,,,,,,,,,,,,,,
6420,Single-Family Home,Austin,Texas,,,,,,,,,,,,,,
8589,Single-Family Home,Austin,Texas,,,,,,,1923,2120,1720,400,0,0,0,
9956,Single-Family Home,Austin,Texas,yes,,2.49,,,,,,,,,,,
2929,Single-Family Home,Dallas,Texas,,,,,,,,1552,1552,,,,,
2540,Single-Family Home,Austin,Texas,,,,,,,,,,,,,,
4067,Single-Family Home,Dallas,Texas,,,,,,,,1240,1240,,,,,
5045,Single-Family Home,Waxahachie,Texas,,,,,,,,2274,1167,1107,,,,
5490,Single-Family Home,Dallas,Texas,yes,,4.56,,,,,1851,1851,,,,,
5827,Single-Family Home,Grand Prairie,Texas,,,,,,,,1874,1874,,,,,
6890,Single-Family Home,Arlington,Texas,,,,,,,,3190,3190,,,,,
8314,Single-Family Home,Arlington,Texas,,,,,,,,2300,2300,,,,,
469,Single-Family Home,Flower Mound,Texas,,,,,,,,1972,1972,,,,,
8544,Single-Family Home,Dallas,Texas,,,,,,,,1800,1800,,,,,
2845,Single-Family Home,Austin,Texas,,,,,,,1967,2514,2514,,,,,
1704,Single-Family Home,Richardson,Texas,,,,,,,,1879,1879,,,,,
2715,Single-Family Home,Southlake,Texas,,,,,,,,3390,3390,,,,,
72,Single-Family Home,Dallas,Texas,,,,,,,,2411,2411,,,,,
3340,Single-Family Home,Tolar,Texas,,,,,,,,,,,,,,
5555,Single-Family Home,Cedar Hill,Texas,,,,,,,,2489,2489,,,,,
2112,Single-Family Home,Dallas,Texas,,,,,,,,1979,1979,,,,,
4826,Town Home,Austin,Texas,,,,,,,,,,,,,,
7875,Single-Family Home,Austin,Texas,yes,,4.1,,,,2012,3028,1268,1296,464,,,yes
8645,Single-Family Home,Austin,Texas,yes,,4.5,,,,1981,1142,1142,0,0,0,0,yes
3044,Single-Family Home,Austin,Texas,yes,,,,,,2011,3383,2230,1153,0,0,0,yes
7030,Single-Family Home,Austin,Texas,yes,South,5.25,5.25,0,,2007,2122,1162,960,0,0,0,
2557,Single-Family Home,Austin,Texas,yes,,5.17,,,,1969,3400,2632,0,0,768,0,
3736,Single-Family Home,Austin,Texas,yes,,5.88,,,,1968,1790,1790,,,,,
3922,Single-Family Home,Mansfield,Texas,,,,,,,,2950,2950,,,,,
1010,Single-Family Home,Arlington,Texas,,,,,,,,3470,3470,,,,,
3092,Single-Family Home,Grand Prairie,Texas,yes,South;West,3.9,3.4,0.5,,2007,4150,4150,,,,,
6617,Single-Family Home,Arlington,Texas,,,,,,,,2560,2560,,,,,
9751,Single-Family Home,Grand Prairie,Texas,,,,,,,,2910,2910,,,,,
1039,Single-Family Home,Austin,Texas,,,,,,,,,,,,,,
3572,Single-Family Home,Austin,Texas,,,,,,,,,,,,,,
4894,Town Home,Austin,Texas,,,,,,,2010,1998,1052,946,,,,
6863,Single-Family Home,Austin,Texas,,,,,,,,,,,,,,
3277,Single-Family Home,Kingwood,Texas,,,,,,,,3195,3195,,,,,
4833,Single-Family Home,Arlington,Texas,,,,,,,,2330,2330,,,,,
218,Single-Family Home,Burleson,Texas,,,,,,,,1850,1850,,,,,
673,Single-Family Home,Santa Fe,Texas,,,,,,,,2942,1526,1104,,312,,
9168,Single-Family Home,Dallas,Texas,,,,,,,,1314,1314,,,,,
5658,Town Home,Austin,Texas,yes,,,,,,2008,1918,959,959,,,,
6063,Single-Family Home,Austin,Texas,yes,,6.5,,,,2008,1842,1379,463,,,,
4219,Single-Family Home,Irving,Texas,,,,,,,,3374,3374,,,,,
1785,Single-Family Home,Austin,Texas,,,,,,,,,,,,,,
2288,Single-Family Home,Austin,Texas,,,,,,,1947,1080,1080,,,,,
5264,Single-Family Home,Austin,Texas,,,,,,,2007,2122,1162,960,,,,
6897,Single-Family Home,Austin,Texas,,,,,,,,,,,,,,
8244,Single-Family Home,Austin,Texas,,,,,,,,,,,,,,
5537,Single-Family Home,Austin,Texas,,,,,,,,,,,,,,
5903,Single-Family Home,Austin,Texas,,,,,,,,,,,,,,
9373,Single-Family Home,Austin,Texas,,,,,,,,,,,,,,
2085,Single-Family Home,Austin,Texas,,,,,,,,,,,,,,
3506,Single-Family Home,Austin,Texas,yes,South,6.24,6.24,,,2012,2006,1556,450,,,,
3347,Single-Family Home,Dallas,Texas,,,,,,,,1758,1758,,,,,
3677,Single-Family Home,Austin,Texas,,,,,,,,,,,,,,
5511,Single-Family Home,Grapevine,Texas,yes,,4.5,,,,,3402,3402,,,,,
8424,Single-Family Home,Austin,Texas,yes,,3,,,,,,,,,,,
9454,Single-Family Home,Austin,Texas,,,,,,,,,,,,,,
3649,Single-Family Home,Austin,Texas,yes,South,7.54,7.54,,,1973,2446,1230,1216,0,0,0,
6505,Single-Family Home,Austin,Texas,,,,,,,,,,,,,,
8243,Single-Family Home,Austin,Texas,yes,,4.5,,,,2012,2216,1434,782,0,0,0,
5889,Single-Family Home,Austin,Texas,,,,,,,1979,2018,718,1300,,,,
781,Single-Family Home,Austin,Texas,yes,,5.8,,,,2012,1946,1001,945,0,0,0,
9526,Single-Family Home,Kennedale,Texas,,,,,,,,3160,3160,,,,,
5849,Single-Family Home,Plano,Texas,,,,,,,,3429,3429,,,,,
7797,Single-Family Home,Plano,Texas,yes,,2.55,,,,,2286,2286,,,,,
2116,Single-Family Home,Plano,Texas,yes,,2.25,,,,,2128,2128,,,,,
3731,Single-Family Home,Rowlett,Texas,,,,,,,,3528,3528,,,,,
8833,Single-Family Home,Arlington,Texas,,,,,,,,1900,1900,,,,,
9543,Single-Family Home,Austin,Texas,,,,,,,,,,,,,,
4591,Single-Family Home,Arlington,Texas,,,,,,,,1730,1730,,,,,
1392,Single-Family Home,Round Rock,Texas,yes,,,,,,,3831,2373,1458,,,,yes
43,Single-Family Home,Benbrook,Texas,yes,,6.7,,,,1975,1780,1780,,,,,
1309,Single-Family Home,Coppell,Texas,,,,,,,,2798,2798,,,,,
1398,Single-Family Home,Austin,Texas,,,,,,,,,,,,,,
2002,Single-Family Home,Dallas,Texas,,,,,,,,2822,1236,1586,,,,
4594,Single-Family Home,Wichita Falls,Texas,yes,,10,,,,,,,,,,,
5227,Single-Family Home,Mansfield,Texas,yes,,5.94,,,,,2550,2550,,,,,
5448,Single-Family Home,Dallas,Texas,yes,,5.15,,,,1971,2163,2163,,,,,
7194,Single-Family Home,Round Rock,Texas,,,,,,,,2174,2174,,,,,
8121,Single-Family Home,Dallas,Texas,,,,,,,,1254,1254,,,,,
9462,Single-Family Home,Coppell,Texas,,,,,,,1994,3791,3791,,,,,
9488,Single-Family Home,Houston,Texas,yes,,,,,,,1324,1324,,,,,
1167,Single-Family Home,Hurst,Texas,,,,,,,,1660,1660,,,,,
774,Single-Family Home,Houston,Texas,,,,,,,,2368,2368,,,,,
4670,Single-Family Home,Plano,Texas,yes,South,4.2,4.2,,,2005,3048,2010,1038,,,,
7593,Single-Family Home,Irving,Texas,,,,,,,,1969,1969,,,,,
9090,Single-Family Home,Dallas,Texas,yes,,10,,,,,5149,5149,,,,,
2210,Single-Family Home,Austin,Texas,,,,,,,1961,1042,1042,,,,,
7037,Single-Family Home,Plano,Texas,,,,,,,,3569,2362,1207,,,,
9776,Single-Family Home,Plano,Texas,yes,,6,,,,1990,4518,2494,2024,,,,yes
3263,Single-Family Home,Round Rock,Texas,,,,,,,,1801,1801,,,,,
9688,Single-Family Home,Dallas,Texas,,,,,,,,2440,2440,,,,,
5852,Single-Family Home,Houston,Texas,,,,,,,,2663,1553,1110,,,,
626,Single-Family Home,Houston,Texas,,,,,,,,1264,498,766,,,,
728,Single-Family Home,Allen,Texas,,,,,,,,1544,1544,,,,,
945,Single-Family Home,Dallas,Texas,,,,,,,,1888,1888,,,,,
1694,Single-Family Home,Bellaire,Texas,,,,,,,,4291,2051,2240,,,,
2295,Single-Family Home,Richardson,Texas,,,,,,,,,,,,,,
2723,Single-Family Home,Round Rock,Texas,,,,,,,,2846,1878,968,,,,
3120,Single-Family Home,Midland,Texas,,,,,,,,2158,2158,,,,,
3861,Single-Family Home,Colleyville,Texas,,,,,,,,3720,3720,,,,,
3880,Single-Family Home,Katy,Texas,,,,,,,,1288,1288,,,,,
4158,Single-Family Home,North Richland Hills,Texas,,,,,,,,1400,1400,,,,,
4304,Single-Family Home,Katy,Texas,,,,,,,,3199,3199,,,,,
5125,Single-Family Home,Plano,Texas,,,,,,,,2687,1317,1257,,113,,
6191,Single-Family Home,Grapevine,Texas,,,,,,,,6480,6480,,,,,
6587,Single-Family Home,Arlington,Texas,,,,,,,,2160,2160,,,,,
6593,Single-Family Home,Round Rock,Texas,,,,,,,,2144,1276,868,,,,
6831,Single-Family Home,Sugar Land,Texas,,,,,,,,3346,1935,1411,,,,
6837,Single-Family Home,Frisco,Texas,,,,,,,,2221,2221,,,,,
8201,Single-Family Home,Houston,Texas,,,,,,,1969,1835,1835,,,,,
8218,Single-Family Home,Fort Worth,Texas,,,,,,,,1110,1110,,,,,
8519,Single-Family Home,Houston,Texas,,,,,,,,2562,1240,1322,,,,
8641,Single-Family Home,Spring,Texas,,,,,,,,1182,1182,,,,,
8838,Single-Family Home,Euless,Texas,,,,,,,,1700,1700,,,,,
9432,Single-Family Home,Carrollton,Texas,,,,,,,,1845,1845,,,,,
2039,Single-Family Home,Austin,Texas,,,,,,,,1174,1174,,,,,
4859,Single-Family Home,Dallas,Texas,,,,,,,,,,,,,,
2182,Single-Family Home,Houston,Texas,,,,,,,,,,,,,,
7519,Single-Family Home,Haslet,Texas,,,,,,,,,,,,,,
9036,Single-Family Home,Houston,Texas,,,,,,,,1464,672,792,,,,
7169,Single-Family Home,Baytown,Texas,,,,,,,,2324,2324,,,,,
9555,Single-Family Home,Katy,Texas,,,,,,,,2435,2435,,,,,
754,Single-Family Home,Houston,Texas,,,,,,,,1673,1673,,,,,
5288,Single-Family Home,Arlington,Texas,,,,,,,2001,3310,3310,,,,,
159,Single-Family Home,Wichita Falls,Texas,,,,,,,,1432,1432,,,,,
182,Single-Family Home,Richmond,Texas,,,,,,,,2139,880,1259,,,,
193,Single-Family Home,Dallas,Texas,,,,,,,,3042,3042,,,,,
245,Single-Family Home,Grand Prairie,Texas,,,,,,,,1499,1499,,,,,
304,Single-Family Home,Richardson,Texas,,,,,,,,2877,2877,,,,,
341,Single-Family Home,Houston,Texas,,,,,,,,1147,1147,,,,,
431,Single-Family Home,Arlington,Texas,,,,,,,,1930,1930,,,,,
513,Single-Family Home,Fort Worth,Texas,,,,,,,,1660,1660,,,,,
604,Single-Family Home,Houston,Texas,,,,,,,,,,,,,,
642,Single-Family Home,Arlington,Texas,,,,,,,,2710,2710,,,,,
821,Single-Family Home,Humble,Texas,,,,,,,2007,1743,1743,,,,,
825,Single-Family Home,Sherman,Texas,,,,,,,,2661,1986,675,,,,
831,Single-Family Home,Richardson,Texas,,,,,,,,,,,,,,
941,Single-Family Home,Plano,Texas,,,,,,,,2161,2161,,,,,
985,Single-Family Home,Midland,Texas,,,,,,,,1604,1120,484,,,,
1115,Single-Family Home,Dallas,Texas,,,,,,,,2894,2894,,,,,
1146,Single-Family Home,Sulphur Springs,Texas,,,,,,,,1475,1475,,,,,
1312,Single-Family Home,Dallas,Texas,,,,,,,,996,996,,,,,
1388,Single-Family Home,Dallas,Texas,,,,,,,,,,,,,,
1499,Single-Family Home,Temple,Texas,,,,,,,,2787,2787,,,,,
1515,Single-Family Home,Waco,Texas,,,,,,,,2074,2074,,,,,
1591,Single-Family Home,Richardson,Texas,,,,,,,,1883,1883,,,,,
1604,Single-Family Home,Dallas,Texas,,,,,,,,3536,3536,,,,,
1608,Single-Family Home,Houston,Texas,,,,,,,,2423,263,2160,,,,
1629,Single-Family Home,Pflugerville,Texas,yes,,6.3,,,,,,,,,,,yes
1711,Single-Family Home,Little Elm,Texas,,,,,,,,3192,1596,1596,,,,
1741,Single-Family Home,Houston,Texas,,,,,,,,1948,1948,,,,,
1830,Single-Family Home,Dallas,Texas,yes,,,,,,,2015,2015,,,,,
1958,Single-Family Home,Houston,Texas,,,,,,,,3230,1494,1736,,,,
1960,Single-Family Home,Fort Worth,Texas,,,,,,,,1390,1390,,,,,
2053,Single-Family Home,Brownwood,Texas,,,,,,,,1180,1180,,,,,
2084,Single-Family Home,Houston,Texas,,,,,,,,1696,1696,,,,,
2090,Single-Family Home,Flint,Texas,,,,,,,,,,,,,,
2152,Single-Family Home,Freeport,Texas,,,,,,,,,,,,,,
2198,Single-Family Home,Sugar Land,Texas,,,,,,,,1936,1936,,,,,
2216,Single-Family Home,Houston,Texas,,,,,,,,1157,1157,,,,,
2290,Single-Family Home,Spring,Texas,,,,,,,,2759,2759,,,,,
2296,Single-Family Home,Plano,Texas,yes,,6,,,,,3273,2145,1128,,,,
2300,Single-Family Home,Houston,Texas,,,,,,,,1711,1711,,,,,
2314,Single-Family Home,Dallas,Texas,,,,,,,,2534,2534,,,,,
2322,Single-Family Home,Dallas,Texas,,,,,,,,3209,3209,,,,,
2485,Single-Family Home,Pottsboro,Texas,,,,,,,,2510,2510,,,,,
2534,Single-Family Home,Houston,Texas,,,,,,,,,,,,,,
2678,Single-Family Home,Taylor,Texas,,,,,,,,2323,2323,,,,,
2713,Single-Family Home,Taylor,Texas,,,,,,,,1786,1786,,,,,
2744,Single-Family Home,Plano,Texas,,,,,,,,1078,1078,,,,,
2805,Single-Family Home,Houston,Texas,,,,,,,,2580,1362,1218,,,,
2835,Single-Family Home,Houston,Texas,,,,,,,,3067,3067,,,,,
3087,Single-Family Home,Katy,Texas,,,,,,,,1926,1926,,,,,
3098,Single-Family Home,Dallas,Texas,,,,,,,,,,,,,,
3115,Single-Family Home,Houston,Texas,,,,,,,,2453,2453,,,,,
3458,Single-Family Home,Arlington,Texas,,,,,,,,3250,3250,,,,,
3555,Single-Family Home,Fort Worth,Texas,,,,,,,,1350,1350,,,,,
3575,Single-Family Home,Gainesville,Texas,,,,,,,,2394,2394,,,,,
3795,Single-Family Home,Round Rock,Texas,,,,,,,,3992,1991,2001,,,,yes
3896,Single-Family Home,Bellaire,Texas,,,,,,,,3233,,,,,,
3930,Single-Family Home,Houston,Texas,,,,,,,,1286,1286,,,,,
4056,Single-Family Home,Fort Worth,Texas,,,,,,,,2480,2480,,,,,
4313,Single-Family Home,Coppell,Texas,,,,,,,1992,3134,3134,,,,,
4354,Single-Family Home,Dallas,Texas,,,,,,,,2572,2572,,,,,
4377,Single-Family Home,Haltom City,Texas,,,,,,,,1599,1599,,,,,
4517,Single-Family Home,Mansfield,Texas,,,,,,,,1550,1550,,,,,
4632,Single-Family Home,Fort Worth,Texas,,,,,,,,1770,1770,,,,,
4634,Single-Family Home,Spring,Texas,,,,,,,,1644,1644,,,,,
4834,Single-Family Home,Spring,Texas,,,,,,,,,,,,,,
4948,Single-Family Home,Tomball,Texas,,,,,,,,1722,1722,,,,,
4956,Single-Family Home,Round Rock,Texas,,,,,,,,4104,2131,1973,,,,
4980,Single-Family Home,Irving,Texas,,,,,,,,1812,1812,,,,,
5262,Single-Family Home,Arlington,Texas,,,,,,,,3080,3080,,,,,
5271,Single-Family Home,Houston,Texas,,,,,,,1963,2377,2377,,,,,yes
5394,Single-Family Home,Plano,Texas,,,,,,,,2056,2056,,,,,
5449,Single-Family Home,Houston,Texas,,,,,,,1961,3081,3081,,,,,
5485,Single-Family Home,Houston,Texas,,,,,,,1960,1929,1929,,,,,
5556,Single-Family Home,Dallas,Texas,,,,,,,,4593,4593,,,,,
5610,Single-Family Home,Richardson,Texas,,,,,,,,2027,2027,,,,,
5850,Single-Family Home,Friendswood,Texas,,,,,,,,1932,1932,,,,,
5956,Single-Family Home,Plano,Texas,,,,,,,,2461,2461,,,,,
6118,Single-Family Home,Heath,Texas,,,,,,,,,,,,,,
6329,Single-Family Home,Houston,Texas,,,,,,,,2557,651,1906,,,,
6386,Single-Family Home,The Colony,Texas,,,,,,,,1548,1548,,,,,
6408,Single-Family Home,Hutchins,Texas,,,,,,,,,,,,,,
6470,Single-Family Home,Spring,Texas,,,,,,,,,,,,,,
6809,Single-Family Home,Houston,Texas,,,,,,,,1812,964,848,,,,
6852,Single-Family Home,Pflugerville,Texas,,,,,,,,3210,1812,1398,,,,
6887,Single-Family Home,Houston,Texas,,,,,,,,2520,588,1932,,,,
7009,Single-Family Home,Galveston,Texas,,,,,,,,2343,1883,,,460,,
7154,Single-Family Home,Pearland,Texas,,,,,,,,2126,2126,,,,,
7166,Single-Family Home,Houston,Texas,,,,,,,1991,2765,2071,694,,,,
7195,Single-Family Home,Euless,Texas,,,,,,,,1670,1670,,,,,
7245,Single-Family Home,Euless,Texas,,,,,,,,1380,1380,,,,,
7332,Single-Family Home,Addison,Texas,,,,,,,,3952,3952,,,,,
7364,Single-Family Home,Arlington,Texas,,,,,,,,3010,3010,,,,,
7525,Single-Family Home,Ennis,Texas,,,,,,,,2069,2069,,,,,
7636,Single-Family Home,Irving,Texas,,,,,,,,5084,5084,,,,,
7643,Single-Family Home,Houston,Texas,,,,,,,,1430,605,825,,,,
7806,Single-Family Home,Dallas,Texas,,,,,,,,3484,3484,,,,,
7879,Single-Family Home,Richardson,Texas,,,,,,,,1675,1675,,,,,
7903,Single-Family Home,Waco,Texas,,,,,,,,2994,2450,,,544,,
7961,Single-Family Home,Aledo,Texas,,,,,,,,2156,2156,,,,,
7980,Single-Family Home,Plano,Texas,,,,,,,,1572,1572,,,,,
8018,Single-Family Home,Dallas,Texas,,,,,,,,2710,2710,,,,,
8046,Single-Family Home,Austin,Texas,yes,South;West,11.7,5,6.7,0,1994,2740,2740,,,,,yes
8137,Single-Family Home,Cypress,Texas,,,,,,,,2319,2319,,,,,
8152,Single-Family Home,Killeen,Texas,,,,,,,,,,,,,,
8164,Single-Family Home,Dallas,Texas,,,,,,,,2960,2960,,,,,
8180,Single-Family Home,El Lago,Texas,,,,,,,,1852,1852,,,,,
8254,Single-Family Home,Round Rock,Texas,,,,,,,,1370,1370,,,,,
8345,Single-Family Home,Haltom City,Texas,,,,,,,,1570,1570,,,,,
8590,Single-Family Home,Mesquite,Texas,,,,,,,,1201,1201,,,,,
8685,Single-Family Home,Sugar Land,Texas,,,,,,,,3254,1855,1399,,,,
8702,Single-Family Home,Mesquite,Texas,,,,,,,,1252,1252,,,,,
8910,Single-Family Home,Houston,Texas,,,,,,,,2271,2271,,,,,
8949,Single-Family Home,Houston,Texas,,,,,,,,2896,1448,1448,,,,
9041,Single-Family Home,Fort Worth,Texas,,,,,,,,2860,2860,,,,,
9155,Single-Family Home,Dallas,Texas,,,,,,,,1534,1534,,,,,
9180,Single-Family Home,Fort Worth,Texas,,,,,,,,2920,2920,,,,,
9222,Single-Family Home,Baytown,Texas,,,,,,,,3466,2248,1218,,,,
9264,Single-Family Home,Forney,Texas,,,,,,,,2445,1408,1037,,,,
9308,Single-Family Home,Houston,Texas,,,,,,,,2549,1449,1100,,,,
9377,Single-Family Home,Houston,Texas,,,,,,,,2308,2308,,,,,
9548,Single-Family Home,Houston,Texas,,,,,,,1990,4389,2176,2213,,,,
9725,Single-Family Home,Waco,Texas,,,,,,,,1312,1312,,,,,
9869,Single-Family Home,Carrollton,Texas,,,,,,,,1787,1787,,,,,
9897,Single-Family Home,Spring,Texas,,,,,,,,1818,1818,,,,,
9983,Single-Family Home,Dallas,Texas,,,,,,,1967,3068,3068,,,,,
50,Single-Family Home,Euless,Texas,,,,,,,,2900,2900,,,,,
2421,Single-Family Home,Houston,Texas,,,,,,,,1575,1575,,,,,
8006,Single-Family Home,Dallas,Texas,,,,,,,,1645,1645,,,,,
9678,Single-Family Home,Missouri City,Texas,,,,,,,,3444,1747,1697,,,,
8163,Single-Family Home,Austin,Texas,,,,,,,1996,1649,1649,0,0,,,
9819,Single-Family Home,Houston,Texas,,,,,,,,2698,1122,1576,,,,
4597,Single-Family Home,Rowlett,Texas,,,,,,,,,,,,,,
9152,Single-Family Home,Pearland,Texas,,,,,,,,,,,,,,
298,Single-Family Home,Arlington,Texas,,,,,,,,1510,1510,,,,,
490,Single-Family Home,Houston,Texas,,,,,,,1960,2126,2126,,,,,
903,Single-Family Home,Houston,Texas,,,,,,,,3696,2508,1188,,,,
937,Single-Family Home,El Lago,Texas,,,,,,,,2394,2394,,,,,
1654,Single-Family Home,Bedford,Texas,,,,,,,,2510,2510,,,,,
1679,Single-Family Home,Richardson,Texas,,,,,,,,,,,,,,
2278,Single-Family Home,Katy,Texas,,,,,,,,2265,1501,764,,,,
2393,Single-Family Home,Carrollton,Texas,,,,,,,,2041,2041,,,,,
2902,Single-Family Home,Fort Worth,Texas,,,,,,,,2180,2180,,,,,
3212,Single-Family Home,Pflugerville,Texas,,,,,,,,1616,1616,,,,,
3364,Single-Family Home,Dallas,Texas,,,,,,,,2808,2808,,,,,
3394,Single-Family Home,Houston,Texas,,,,,,,1978,2622,2622,,,,,
4314,Single-Family Home,Spring,Texas,,,,,,,,2493,2493,,,,,
5678,Single-Family Home,Plano,Texas,,,,,,,,2358,2358,,,,,
6233,Single-Family Home,Houston,Texas,,,,,,,,1182,1182,,,,,
7793,Single-Family Home,Austin,Texas,yes,,,,,,1998,2687,1313,1374,,,,
8338,Single-Family Home,Allen,Texas,,,,,,,,2144,2144,,,,,
8834,Single-Family Home,Haslet,Texas,,,,,,,,2599,2599,,,,,
9173,Single-Family Home,Houston,Texas,,,,,,,,1405,1216,189,,,,
5321,Single-Family Home,Spring,Texas,,,,,,,,,,,,,,
8421,Single-Family Home,Houston,Texas,,,,,,,,,,,,,,
3578,Single-Family Home,Plano,Texas,,,,,,,,1442,1442,,,,,
1700,Single-Family Home,Austin,Texas,,,,,,,2000,2889,,,,,,
125,Single-Family Home,Richmond,Texas,,,,,,,,2801,1995,806,,,,
337,Single-Family Home,Temple,Texas,,,,,,,,2074,2074,,,,,
733,Single-Family Home,Houston,Texas,,,,,,,,1594,1594,,,,,
810,Single-Family Home,Plano,Texas,,,,,,,,1485,1485,,,,,
925,Single-Family Home,Arlington,Texas,,,,,,,,,,,,,,
1011,Single-Family Home,Kingwood,Texas,,,,,,,,3225,3225,,,,,
1125,Single-Family Home,Mansfield,Texas,,,,,,,,2540,2540,,,,,
1439,Single-Family Home,Katy,Texas,,,,,,,,1588,1588,,,,,
1696,Single-Family Home,Grapevine,Texas,,,,,,,1988,2170,2170,,,,,
2188,Single-Family Home,Houston,Texas,,,,,,,,1511,1511,,,,,
2391,Single-Family Home,Hurst,Texas,,,,,,,,1480,1480,,,,,
2480,Single-Family Home,Katy,Texas,,,,,,,,1726,1726,,,,,
2690,Single-Family Home,Tomball,Texas,,,,,,,,3384,3384,,,,,
2710,Single-Family Home,McKinney,Texas,,,,,,,,1346,1346,,,,,
2858,Single-Family Home,Big Spring,Texas,,,,,,,,,,,,,,
2900,Single-Family Home,Houston,Texas,,,,,,,,3265,1902,1363,,,,
3045,Single-Family Home,Grapevine,Texas,,,,,,,,1922,1922,,,,,
3368,Single-Family Home,Round Rock,Texas,yes,,5,,,,,1536,1536,,,,,yes
3741,Single-Family Home,Keller,Texas,,,,,,,,3350,3350,,,,,
4062,Single-Family Home,McKinney,Texas,,,,,,,,2029,2029,,,,,
4162,Single-Family Home,Waco,Texas,yes,,3.4,,,,,3591,1719,1584,,288,,
4191,Single-Family Home,Dallas,Texas,,,,,,,,2459,2459,,,,,
4231,Single-Family Home,Dallas,Texas,,,,,,,,4084,4084,,,,,
4491,Single-Family Home,North Richland Hills,Texas,,,,,,,,1790,1790,,,,,
4576,Single-Family Home,Katy,Texas,,,,,,,,2940,2940,,,,,
4694,Single-Family Home,Dallas,Texas,,,,,,,,2298,2298,,,,,
4773,Single-Family Home,Round Rock,Texas,,,,,,,,2615,2615,,,,,
4850,Single-Family Home,Houston,Texas,,,,,,,,2610,1751,859,,,,
5062,Single-Family Home,Houston,Texas,,,,,,,,1980,900,580,,,500,
5089,Single-Family Home,Pearland,Texas,,,,,,,,2855,1816,1039,,,,
5090,Single-Family Home,Coppell,Texas,,,,,,,,,,,,,,
5191,Single-Family Home,Rowlett,Texas,,,,,,,,1995,1014,981,,,,
5238,Single-Family Home,Dallas,Texas,,,,,,,,2391,2391,,,,,
5312,Single-Family Home,Spring,Texas,,,,,,,,1906,1906,,,,,
5355,Single-Family Home,Plano,Texas,,,,,,,,2145,2145,,,,,
6057,Single-Family Home,Murphy,Texas,,,,,,,,2303,2303,,,,,
6308,Single-Family Home,Richardson,Texas,,,,,,,,1426,1426,,,,,
6321,Single-Family Home,Humble,Texas,,,,,,,,2722,1292,1430,,,,
6764,Single-Family Home,Houston,Texas,,,,,,,,1276,1276,,,,,
6927,Single-Family Home,Dallas,Texas,,,,,,,,1932,1932,,,,,
6960,Single-Family Home,Arlington,Texas,,,,,,,,1920,1920,,,,,
7103,Single-Family Home,Arlington,Texas,,,,,,,,3560,3560,,,,,
7198,Single-Family Home,Plano,Texas,,,,,,,,2167,2167,,,,,
7211,Single-Family Home,Lancaster,Texas,,,,,,,,1428,1428,,,,,
7248,Single-Family Home,Houston,Texas,,,,,,,,1949,1949,,,,,
7626,Single-Family Home,McKinney,Texas,,,,,,,,2035,2035,,,,,
8024,Single-Family Home,Dallas,Texas,,,,,,,,1817,1817,,,,,
8124,Single-Family Home,Dallas,Texas,,,,,,,,3106,3106,,,,,
8139,Single-Family Home,Houston,Texas,,,,,,,,1663,965,,,,698,
8185,Single-Family Home,Fort Worth,Texas,,,,,,,,1470,1470,,,,,
8223,Single-Family Home,El Lago,Texas,,,,,,,,2183,2183,,,,,
8478,Single-Family Home,Houston,Texas,,,,,,,,2132,,,,,,
8604,Single-Family Home,Houston,Texas,,,,,,,,1959,1959,,,,,
8691,Single-Family Home,Midland,Texas,,,,,,,,3134,2234,900,,,,
8693,Single-Family Home,Houston,Texas,,,,,,,,2744,1372,1372,,,,
8744,Single-Family Home,Houston,Texas,,,,,,,,2220,1080,1140,,,,
9080,Single-Family Home,Malakoff,Texas,,,,,,,,,,,,,,
9534,Single-Family Home,Killeen,Texas,,,,,,,,1892,1892,,,,,
9648,Single-Family Home,Euless,Texas,,,,,,,,1980,1980,,,,,
9807,Single-Family Home,Spring,Texas,,,,,,,,2695,2695,,,,,
6551,Single-Family Home,Dallas,Texas,,,,,,,,,,,,,,
8731,Single-Family Home,Arlington,Texas,,,,,,,,2070,2070,,,,,
195,Single-Family Home,Aledo,Texas,,,,,,,,,,,,,,
498,Single-Family Home,Dallas,Texas,,,,,,,,2073,2073,,,,,
1162,Single-Family Home,Waxahachie,Texas,,,,,,,,2857,2857,,,,,
1572,Single-Family Home,Dallas,Texas,,,,,,,,2167,2167,,,,,
2257,Single-Family Home,Waxahachie,Texas,,,,,,,,2692,1584,1108,,,,
2297,Single-Family Home,Palestine,Texas,,,,,,,,1675,1675,,,,,
2369,Single-Family Home,Arlington,Texas,,,,,,,,2250,2250,,,,,
2536,Single-Family Home,Houston,Texas,,,,,,,,2890,2890,,,,,
2739,Single-Family Home,Fort Worth,Texas,,,,,,,,1330,1330,,,,,
2969,Single-Family Home,Gorman,Texas,,,,,,,,1726,1726,,,,,
3610,Single-Family Home,Terrell,Texas,,,,,,,,1839,1720,,,119,,
3686,Single-Family Home,Fort Worth,Texas,,,,,,,,4350,4350,,,,,
3906,Single-Family Home,Houston,Texas,,,,,,,,2816,1028,1788,,,,
3921,Single-Family Home,Grapevine,Texas,,,,,,,,1550,1550,,,,,
4055,Single-Family Home,Dallas,Texas,,,,,,,,2223,2223,,,,,
4185,Single-Family Home,Houston,Texas,,,,,,,,3198,1300,1898,,,,
5188,Single-Family Home,Del Valle,Texas,,,,,,,,1466,926,540,,,,
6019,Single-Family Home,Hudson Oaks,Texas,,,,,,,,,,,,,,
6271,Single-Family Home,Lufkin,Texas,,,,,,,,2564,2564,,,,,
6644,Single-Family Home,Rowlett,Texas,,,,,,,,,,,,,,
7149,Single-Family Home,Fort Worth,Texas,,,,,,,,2800,2800,,,,,
7273,Single-Family Home,Wichita Falls,Texas,,,,,,,,1661,1661,,,,,
7433,Single-Family Home,Sunnyvale,Texas,,,,,,,,4978,4978,,,,,
7447,Single-Family Home,Grapevine,Texas,yes,,4.6,,,,,3270,3270,,,,,
7485,Single-Family Home,Hurst,Texas,,,,,,,,2010,2010,,,,,
8449,Single-Family Home,Arlington,Texas,,,,,,,,2200,2200,,,,,
8966,Single-Family Home,Midlothian,Texas,,,,,,,,2836,2836,,,,,
9143,Single-Family Home,Dallas,Texas,,,,,,,,1704,1704,,,,,
9171,Single-Family Home,Irving,Texas,,,,,,,,2307,2307,,,,,
9255,Single-Family Home,Dallas,Texas,,,,,,,,2093,2093,,,,,
9471,Single-Family Home,Fort Worth,Texas,,,,,,,,2070,2070,,,,,
3486,Single-Family Home,Grapevine,Texas,,,,,,,,2601,2601,,,,,
8907,Single-Family Home,Odessa,Texas,,,,,,,,,,,,,,
2532,Single-Family Home,Austin,Texas,,,,,,,2012,2006,264,1742,,,,
6558,Single-Family Home,Austin,Texas,yes,,4.8,,,,,,,,,,,
2110,Single-Family Home,Mansfield,Texas,,,,,,,,2560,2560,,,,,
4659,Single-Family Home,Euless,Texas,,,,,,,,1310,1310,,,,,
4873,Single-Family Home,Trophy Club,Texas,,,,,,,,2306,2306,,,,,
2995,Single-Family Home,Austin,Texas,,,,,,,2008,1726,693,1033,0,0,0,
9233,Single-Family Home,Austin,Texas,,,,,,,,,,,,,,
6744,Apartment,Austin,Texas,,,,,,,,,,,,,,
820,Apartment,Austin,Texas,,,,,,,,,,,,,,
2815,Apartment,Austin,Texas,,,,,,,,816,,,,,,
7302,Apartment,Austin,Texas,,,,,,,,,,,,,,
2521,Apartment,Austin,Texas,,,,,,,,,,,,,,
3026,Apartment,Austin,Texas,,,,,,,,,,,,,,
8961,Apartment,Austin,Texas,,,,,,,,816,,,,,,
4321,Apartment,Austin,Texas,,,,,,,,816,,,,,,
8328,Apartment,Austin,Texas,,,,,,,,627,,,,,,
4864,Apartment,Austin,Texas,,,,,,,,832,,,,,,
347,Apartment,Austin,Texas,,,,,,,,606,,,,,,
3411,Apartment,Austin,Texas,,,,,,,,1021,,,,,,
6500,Apartment,Austin,Texas,,,,,,,,816,,,,,,
9340,Apartment,Austin,Texas,,,,,,,,1021,,,,,,
7527,Apartment,Austin,Texas,,,,,,,,1021,,,,,,
135,Apartment,Austin,Texas,,,,,,,,816,,,,,,
1854,Apartment,Austin,Texas,,,,,,,,606,,,,,,
9201,Apartment,Austin,Texas,,,,,,,,816,,,,,,
9803,Apartment,Austin,Texas,,,,,,,,627,,,,,,
4042,Apartment,Austin,Texas,,,,,,,,627,,,,,,
4416,Apartment,Austin,Texas,,,,,,,,627,,,,,,
772,Apartment,Austin,Texas,,,,,,,,832,,,,,,
8034,Apartment,Austin,Texas,,,,,,,,832,,,,,,
1202,Single-Family Home,Austin,Texas,,,,,,,1948,2126,1334,792,,,,yes
2692,Single-Family Home,Austin,Texas,,,,,,,2012,2216,1434,782,,,,
3085,Single-Family Home,Austin,Texas,,,,,,,1938,1280,1280,0,0,0,0,
4806,Single-Family Home,Austin,Texas,,,,,,,,,,,,,,
5786,Single-Family Home,Austin,Texas,yes,,,,,,1940,4354,1830,2524,,,,yes
9051,Single-Family Home,Austin,Texas,,,,,,,,,,,,,,
4437,Single-Family Home,Austin,Texas,,,,,,,,,,,,,,
9890,Single-Family Home,Austin,Texas,,,,,,,,,,,,,,
2323,Single-Family Home,Austin,Texas,yes,South;East,5.13,1.71,0,3.42,2007,3257,1540,1717,0,0,0,
6133,Apartment,Austin,Texas,,,,,,,,816,,,,,,
5356,Apartment,Austin,Texas,,,,,,,,832,,,,,,
457,Apartment,Austin,Texas,,,,,,,,627,,,,,,
3678,Apartment,Austin,Texas,,,,,,,,838,,,,,,
4544,Apartment,Austin,Texas,,,,,,,,627,,,,,,
1331,Apartment,Austin,Texas,,,,,,,,1021,,,,,,
9931,Apartment,Austin,Texas,,,,,,,,816,,,,,,
5539,Apartment,Austin,Texas,,,,,,,,816,,,,,,
22,Apartment,Austin,Texas,,,,,,,,816,,,,,,
765,Apartment,Austin,Texas,,,,,,,,606,,,,,,
1105,Apartment,Austin,Texas,,,,,,,,816,,,,,,
1479,Apartment,Austin,Texas,,,,,,,,606,,,,,,
1889,Apartment,Austin,Texas,,,,,,,,1024,,,,,,
3705,Single-Family Home,Austin,Texas,,,,,,,1966,2232,2232,0,0,0,0,
4296,Single-Family Home,Austin,Texas,yes,,,,,,2007,2036,793,1243,0,0,0,
499,Single-Family Home,Austin,Texas,yes,,,,,,1958,1709,1709,0,0,,,
5959,Single-Family Home,Austin,Texas,,,,,,,1984,1913,863,1050,0,0,0,
5060,Single-Family Home,Austin,Texas,,,,,,,1951,1133,1133,0,0,0,0,
7491,Apartment,Austin,Texas,,,,,,,,627,,,,,,
7703,Apartment,Austin,Texas,,,,,,,,627,,,,,,
7984,Apartment,Austin,Texas,,,,,,,,832,,,,,,
5317,Single-Family Home,Austin,Texas,,,,,,,2012,1776,852,924,,,,
9642,Apartment,Austin,Texas,,,,,,,,627,,,,,,
4856,Apartment,Austin,Texas,,,,,,,,627,,,,,,
6378,Single-Family Home,Dallas,Texas,,,,,,,1950,1962,1962,,,,,
8370,Apartment,Austin,Texas,,,,,,,,,,,,,,
7408,Apartment,Austin,Texas,,,,,,,,832,,,,,,
4967,Apartment,Austin,Texas,,,,,,,,627,,,,,,
4383,Apartment,Austin,Texas,,,,,,,,627,,,,,,
3806,Apartment,Austin,Texas,,,,,,,,627,,,,,,
3032,Apartment,Austin,Texas,,,,,,,,832,,,,,,
2247,Apartment,Austin,Texas,,,,,,,,816,,,,,,
878,Apartment,Austin,Texas,,,,,,,,629,,,,,,
4800,Apartment,Austin,Texas,,,,,,,,606,,,,,,
7512,Apartment,Austin,Texas,,,,,,,,816,,,,,,
1069,Apartment,Austin,Texas,,,,,,,,606,,,,,,
3425,Apartment,Austin,Texas,,,,,,,,816,,,,,,
3484,Apartment,Austin,Texas,,,,,,,,1021,,,,,,
9195,Apartment,Austin,Texas,,,,,,,,816,,,,,,
1577,Apartment,Austin,Texas,,,,,,,,832,,,,,,
3721,Apartment,Austin,Texas,,,,,,,,832,,,,,,
297,Apartment,Austin,Texas,,,,,,,,832,,,,,,
6165,Single-Family Home,Austin,Texas,,,,,,,1941,1140,980,160,,,,
9176,Single-Family Home,Austin,Texas,,,,,,,1971,2689,1609,1080,0,0,0,
9605,Single-Family Home,Houston,Texas,,,,,,,,2260,2260,,,,,
3200,Single-Family Home,Cedar Park,Texas,,,,,,,,2527,2527,,,,,
2360,Apartment,Austin,Texas,,,,,,,,627,,,,,,
5778,Single-Family Home,Austin,Texas,,,,,,,1978,2420,2420,,,,,
7617,Single-Family Home,McKinney,Texas,,,,,,,,2765,2765,,,,,
59,Single-Family Home,Austin,Texas,,,,,,,2011,3825,2705,1120,,,,
7090,Single-Family Home,Plano,Texas,,,,,,,,2655,2655,,,,,
7597,Single-Family Home,Austin,Texas,,,,,,,,,,,,,,
111,Single-Family Home,Austin,Texas,,,,,,,1976,1960,1960,,,,,
4408,Single-Family Home,Austin,Texas,,,,,,,,,,,,,,
4561,Single-Family Home,Allen,Texas,,,,,,,,4308,3148,1160,,,,
4728,Single-Family Home,Allen,Texas,,,,,,,,3247,2105,1142,,,,
5673,Single-Family Home,Austin,Texas,,,,,,,1980,1900,1900,0,0,0,0,
8282,Single-Family Home,Austin,Texas,,,,,,,1981,2023,2023,,,,,
280,Single-Family Home,Houston,Texas,,,,,,,,1743,702,702,,,339,
275,Single-Family Home,Houston,Texas,,,,,,,,2027,2027,,,,,
4944,Single-Family Home,Houston,Texas,,,,,,,1938,1426,1426,,,,,
8107,Single-Family Home,Austin,Texas,,,,,,,2012,2071,972,1099,0,0,0,
5938,Town Home,San Diego,California,,,,,,,2013,1464,,,,,,
5909,Apartment,San Diego,California,,,,,,,2012,720,720,,,,,
54,Apartment,San Diego,California,,,,,,,,,,,,,,
3938,Apartment,San Diego,California,,,,,,,2012,1120,1120,,,,,
8061,Town Home,San Diego,California,,,,,,,2012,1555,,,,,,
6497,Town Home,San Diego,California,,,,,,,,2050,,,,,,
101,Single-Family Home,Austin,Texas,,,,,,,2012,1459,602,857,0,0,0,
1035,Single-Family Home,Austin,Texas,,,,,,,1964,1753,1753,,,,,
5586,Single-Family Home,Austin,Texas,,,,,,,,,,,,,,
6502,Single-Family Home,Austin,Texas,,,,,,,,,,,,,,
6787,Single-Family Home,Austin,Texas,,,,,,,,,,,,,,
9711,Apartment,San Diego,California,,,,,,,,,,,,,,
6689,Apartment,San Diego,California,,,,,,,,,,,,,,
8736,Single-Family Home,Austin,Texas,,,,,,,1967,3049,1813,1236,,,,yes
4329,Apartment,San Diego,California,,,,,,,,,,,,,,
6152,Town Home,San Diego,California,,,,,,,,,,,,,,
8574,Apartment,San Diego,California,,,,,,,,,,,,,,
7114,Town Home,San Diego,California,,,,,,,2012,1401,,,,,,
3687,Town Home,San Diego,California,,,,,,,,,,,,,,
7062,Town Home,San Diego,California,,,,,,,,1401,,,,,,
8733,Apartment,San Diego,California,,,,,,,,,,,,,,
9213,Apartment,San Diego,California,,,,,,,,,,,,,,
9775,Apartment,San Diego,California,,,,,,,2012,1405,1405,,,,,
4015,Single-Family Home,Austin,Texas,,,,,,,,,,,,,,
807,Single-Family Home,Austin,Texas,,,,,,,,,,,,,,
2559,Single-Family Home,Austin,Texas,,,,,,,,,,,,,,
3916,Single-Family Home,Austin,Texas,,,,,,,1954,1547,1547,0,0,0,0,
4035,Single-Family Home,San Antonio,Texas,,,,,,,,3189,1492,1697,,,,
4495,Apartment,San Diego,California,,,,,,,2012,1087,1087,,,,,
5805,Single-Family Home,Austin,Texas,,,,,,,1948,1544,1168,376,0,0,0,
6383,Single-Family Home,Austin,Texas,,,,,,,,,,,,,,
7321,Single-Family Home,Austin,Texas,,,,,,,,,,,,,,
1410,Single-Family Home,Austin,Texas,,,,,,,,,,,,,,
6995,Single-Family Home,Austin,Texas,,,,,,,,,,,,,,
7077,Single-Family Home,Austin,Texas,,,,,,,,,,,,,,
7363,Single-Family Home,Dallas,Texas,,,,,,,,,,,,,,
9116,Single-Family Home,Austin,Texas,,,,,,,,,,,,,,
4776,Apartment,Austin,Texas,,,,,,,,627,,,,,,
9674,Apartment,Austin,Texas,,,,,,,,629,,,,,,
8183,Apartment,Austin,Texas,,,,,,,,629,,,,,,
3947,Apartment,Austin,Texas,,,,,,,,,,,,,,
1845,Apartment,Austin,Texas,,,,,,,,816,,,,,,
3143,Apartment,Austin,Texas,,,,,,,,816,,,,,,
48,Apartment,Austin,Texas,,,,,,,,606,,,,,,
508,Apartment,Austin,Texas,,,,,,,,606,,,,,,
3883,Apartment,Austin,Texas,,,,,,,,816,,,,,,
6078,Apartment,Austin,Texas,,,,,,,,1024,,,,,,
7436,Apartment,Austin,Texas,,,,,,,,816,,,,,,
2907,Apartment,Austin,Texas,,,,,,,,627,,,,,,
3873,Apartment,Austin,Texas,,,,,,,,629,,,,,,
9215,Single-Family Home,Austin,Texas,,,,,,,,,,,,,,
2472,Single-Family Home,Austin,Texas,,,,,,,,,,,,,,
2848,Single-Family Home,Austin,Texas,,,,,,,1987,1452,1452,,,,,
1199,Apartment,San Diego,California,,,,,,,,,,,,,,
8023,Single-Family Home,Austin,Texas,,,,,,,,,,,,,,
6770,Apartment,San Diego,California,,,,,,,,,,,,,,
9197,Apartment,San Diego,California,,,,,,,,,,,,,,
6377,Apartment,San Diego,California,,,,,,,,,,,,,,
6268,Apartment,San Diego,California,,,,,,,,,,,,,,
5728,Apartment,Austin,Texas,,,,,,,,713,,,,,,
3443,Apartment,Austin,Texas,,,,,,,,751,,,,,,
7549,Apartment,Austin,Texas,,,,,,,,750,,,,,,
7671,Apartment,Austin,Texas,,,,,,,,,,,,,,
4000,Apartment,Austin,Texas,,,,,,,,751,,,,,,
1037,Apartment,Austin,Texas,,,,,,,,1001,,,,,,
645,Apartment,Austin,Texas,,,,,,,,750,,,,,,
267,Apartment,Austin,Texas,,,,,,,,751,,,,,,
1310,Apartment,Austin,Texas,,,,,,,,713,,,,,,
3268,Apartment,Austin,Texas,,,,,,,,1001,,,,,,
3273,Apartment,Austin,Texas,,,,,,,,1001,,,,,,
9912,Apartment,Austin,Texas,,,,,,,,751,,,,,,
5009,Apartment,San Diego,California,,,,,,,2012,1088,1088,,,,,
2412,Town Home,San Diego,California,,,,,,,,1760,,,,,,
2606,Town Home,San Diego,California,,,,,,,2012,1390,,,,,,
3864,Town Home,San Diego,California,,,,,,,,1464,,,,,,
5994,Apartment,Austin,Texas,,,,,,,,627,,,,,,
1500,Apartment,Austin,Texas,,,,,,,,750,,,,,,
1617,Single-Family Home,Austin,Texas,,,,,,,1938,1924,,,,,,
3214,Apartment,Austin,Texas,,,,,,,,750,,,,,,
3426,Apartment,Austin,Texas,,,,,,,,751,,,,,,
6108,Apartment,Austin,Texas,,,,,,,,751,,,,,,
491,Apartment,Austin,Texas,,,,,,,,751,,,,,,
9745,Single-Family Home,Austin,Texas,,,,,,,1999,6516,3015,3501,0,0,0,
1078,Single-Family Home,Austin,Texas,,,,,,,,,,,,,,
8817,Single-Family Home,Austin,Texas,,,,,,,,,,,,,,
8946,Single-Family Home,Austin,Texas,,,,,,,,,,,,,,
3299,Apartment,Austin,Texas,,,,,,,,825,,,,,,
1450,Town Home,San Diego,California,,,,,,,,1575,,,,,,
5397,Single-Family Home,Spicewood,Texas,,,,,,,,2720,2720,,,,,
8168,Town Home,San Diego,California,,,,,,,,1452,,,,,,
9038,Single-Family Home,Lakeway,Texas,,,,,,,,3282,1930,1352,,,,
2401,Apartment,Austin,Texas,,,,,,,,1079,,,,,,
1731,Town Home,San Diego,California,,,,,,,,1555,,,,,,
4342,Single-Family Home,Austin,Texas,,,,,,,,1316,1316,,,,,
8342,Town Home,San Diego,California,,,,,,,2012,1401,,,,,,
9647,Single-Family Home,Austin,Texas,yes,,6.3,,,,2001,2887,1795,1092,,,,yes
2942,Single-Family Home,Irving,Texas,,,,,,,,,,,,,,
3221,Single-Family Home,Houston,Texas,,,,,,,,4798,2105,2693,,,,
9206,Single-Family Home,Houston,Texas,,,,,,,,2589,1778,811,,,,
6614,Apartment,Austin,Texas,,,,,,,,750,,,,,,
4022,Apartment,Austin,Texas,,,,,,,,751,,,,,,
4053,Apartment,Austin,Texas,,,,,,,,751,,,,,,
115,Apartment,Austin,Texas,,,,,,,,1001,,,,,,
4934,Town Home,San Diego,California,,,,,,,,1547,,,,,,
4633,Single-Family Home,Austin,Texas,,,,,,,2010,1472,816,656,,,,
894,Single-Family Home,Austin,Texas,,,,,,,,,,,,,,
2113,Apartment,Austin,Texas,,,,,,,,,,,,,,
7587,Apartment,Austin,Texas,,,,,,,,975,,,,,,
243,Apartment,Austin,Texas,,,,,,,,975,,,,,,
8942,Apartment,Austin,Texas,,,,,,,,975,,,,,,
8986,Apartment,Austin,Texas,,,,,,,,975,,,,,,
5226,Apartment,Austin,Texas,,,,,,,,1200,,,,,,
4224,Apartment,Austin,Texas,,,,,,,,1200,,,,,,
4438,Apartment,Austin,Texas,,,,,,,,712,,,,,,
7693,Apartment,Austin,Texas,,,,,,,,975,,,,,,
8029,Apartment,Austin,Texas,,,,,,,,1200,,,,,,
1284,Apartment,San Diego,California,,,,,,,,,,,,,,
5387,Town Home,San Diego,California,,,,,,,,1547,,,,,,
4761,Town Home,San Diego,California,,,,,,,,1580,,,,,,
9139,Apartment,Austin,Texas,,,,,,,,606,,,,,,
6231,Town Home,San Diego,California,,,,,,,,,,,,,,
6547,Town Home,San Diego,California,,,,,,,,1547,,,,,,
8117,Apartment,Austin,Texas,,,,,,,,712,,,,,,
7468,Apartment,Austin,Texas,,,,,,,,1200,,,,,,
2465,Apartment,Austin,Texas,,,,,,,,1200,,,,,,
507,Apartment,Austin,Texas,,,,,,,,975,,,,,,
5456,Apartment,Austin,Texas,,,,,,,,1200,,,,,,
7893,Apartment,Austin,Texas,,,,,,,,1200,,,,,,
3615,Single-Family Home,Bee Cave,Texas,,,,,,,,5956,4301,1655,,,,
954,Apartment,Austin,Texas,,,,,,,,627,,,,,,
4660,Apartment,Austin,Texas,,,,,,,,832,,,,,,
5087,Apartment,Austin,Texas,,,,,,,,1200,,,,,,
7013,Apartment,Austin,Texas,,,,,,,,712,,,,,,
9165,Apartment,Austin,Texas,,,,,,,,1200,,,,,,
5944,Apartment,Austin,Texas,,,,,,,,975,,,,,,
2667,Apartment,Austin,Texas,,,,,,,,1200,,,,,,
3886,Apartment,Austin,Texas,,,,,,,,712,,,,,,
5279,Apartment,Austin,Texas,,,,,,,,712,,,,,,
7585,Apartment,Austin,Texas,,,,,,,,1200,,,,,,
8122,Apartment,Austin,Texas,,,,,,,,627,,,,,,
1646,Single-Family Home,Austin,Texas,,,,,,,,,,,,,,
9846,Apartment,Austin,Texas,,,,,,,,627,,,,,,
2751,Apartment,Austin,Texas,,,,,,,,705,,,,,,
68,Apartment,Austin,Texas,,,,,,,,975,,,,,,
9624,Apartment,Austin,Texas,,,,,,,,751,,,,,,
3973,Apartment,Austin,Texas,,,,,,,,832,,,,,,
4910,Apartment,Austin,Texas,,,,,,,,975,,,,,,
8848,Apartment,Austin,Texas,,,,,,,,1200,,,,,,
692,Single-Family Home,Austin,Texas,,,,,,,,,,,,,,
9599,Single-Family Home,Austin,Texas,,,,,,,,,,,,,,
3519,Apartment,Austin,Texas,,,,,,,,712,,,,,,
5252,Apartment,Austin,Texas,,,,,,,,975,,,,,,
6799,Single-Family Home,Austin,Texas,,,,,,,2002,5953,3274.5,,,,2678.5,
6334,Apartment,Austin,Texas,,,,,,,,750,,,,,,
7276,Apartment,Austin,Texas,,,,,,,,825,,,,,,
7122,Apartment,Austin,Texas,,,,,,,,1001,,,,,,
2366,Apartment,Austin,Texas,,,,,,,,751,,,,,,
6953,Single-Family Home,Austin,Texas,,,,,,,,,,,,,,
8807,Apartment,Austin,Texas,,,,,,,,713,,,,,,
5552,Apartment,Austin,Texas,,,,,,,,816,,,,,,
130,Apartment,Austin,Texas,,,,,,,,1079,,,,,,
2505,Apartment,Austin,Texas,,,,,,,,1200,,,,,,
4974,Single-Family Home,Boulder,Colorado,,,,,,,2001,2393,1245,1148,,,,
9836,Town Home,San Diego,California,yes,,,,,,,,,,,,,
7213,Single-Family Home,Boulder,Colorado,,,,,,,1988,1400,,,,,,
6282,Single-Family Home,Boulder,Colorado,,,,,,,1992,1216,,,,,,
3659,Single-Family Home,Boulder,Colorado,,,,,,,1990,2300,,,,,,
9229,Single-Family Home,Boulder,Colorado,,,,,,,1991,2424,1406,1018,,,,
2144,Single-Family Home,Boulder,Colorado,,,,,,,1988,1539,798,741,,,,
7001,Single-Family Home,Boulder,Colorado,,,,,,,1955,2047,1386,661,,,,
2523,Single-Family Home,Boulder,Colorado,,,,,,,1982,4306,2464,400,,,1442,
2903,Single-Family Home,Boulder,Colorado,,,,,,,1953,3049,1705,,,,1344,
1350,Single-Family Home,Boulder,Colorado,,,,,,,1992,2332,786,798,,,748,
4703,Single-Family Home,Boulder,Colorado,yes,South,4.14,4.14,,,1948,1985,1412,573,,,,
6083,Single-Family Home,Boulder,Colorado,,,,,,,1910,1480,1068,412,,,,
6174,Single-Family Home,Boulder,Colorado,yes,,,,,,1950,2124,1358,766,,,,
7208,Single-Family Home,Boulder,Colorado,,,,,,,1983,1176,564,612,,,,
698,Single-Family Home,Boulder,Colorado,yes,,,,,,1992,2370,966,756,,,648,
1766,Single-Family Home,Boulder,Colorado,,,,,,,1924,2564,1498,1066,,,,
3734,Single-Family Home,Boulder,Colorado,,,,,,,2004,4673,1689,1430,,,1554,
4499,Single-Family Home,Boulder,Colorado,yes,,3.924,,,,1992,2438,1012,868,,,558,
4830,Single-Family Home,Boulder,Colorado,yes,,,,,,2009,3971,1873,1367,,,731,yes
5187,Single-Family Home,Boulder,Colorado,,,,,,,1949,3839,1558,723,,,1558,
6148,Single-Family Home,Boulder,Colorado,,,,,,,1946,2722,2282,440,,,,
6956,Single-Family Home,Boulder,Colorado,,,,,,,1949,832,832,,,,,
8368,Single-Family Home,Boulder,Colorado,yes,,,,,,1976,2055,1608,,,,447,
9341,Single-Family Home,Boulder,Colorado,yes,,,,,,1993,2958,988,1080,,,890,
9818,Single-Family Home,Boulder,Colorado,,,,,,,1994,2157,1113,1044,,,,
2235,Apartment,San Diego,California,,,,,,,,,,,,,,
6429,Apartment,San Diego,California,,,,,,,,,,,,,,
2992,Apartment,Austin,Texas,,,,,,,,713,,,,,,
7764,Apartment,Austin,Texas,,,,,,,,751,,,,,,
6691,Single-Family Home,Austin,Texas,yes,South,5.2,5.2,,,1977,2000,,,,,,yes
3160,Apartment,Austin,Texas,,,,,,,,975,,,,,,
9610,Apartment,Austin,Texas,,,,,,,,975,,,,,,
3631,Apartment,Austin,Texas,,,,,,,,751,,,,,,
470,Apartment,Austin,Texas,,,,,,,,975,,,,,,
2075,Apartment,Austin,Texas,,,,,,,,1200,,,,,,
6012,Apartment,Austin,Texas,,,,,,,,1200,,,,,,
6536,Apartment,Austin,Texas,,,,,,,,975,,,,,,
2354,Town Home,San Diego,California,yes,,,,,,,2180,,,,,,
6061,Single-Family Home,Austin,Texas,yes,South,6.24,6.24,,,2009,3255,1779,1476,,,,
7787,Apartment,Austin,Texas,,,,,,,,751,,,,,,
4927,Single-Family Home,Austin,Texas,,,,,,,1954,1405,1405,,,,,
4237,Apartment,San Diego,California,,,,,,,,,,,,,,
6196,Single-Family Home,San Diego,California,,,,,,,,,,,,,,
9612,Town Home,San Diego,California,,,,,,,,1555,,,,,,
4095,Single-Family Home,San Diego,California,,,,,,,,,,,,,,
9370,Single-Family Home,San Diego,California,,,,,,,,2050,2050,,,,,
9995,Apartment,San Diego,California,,,,,,,,,,,,,,
879,Single-Family Home,Boulder,Colorado,,,,,,,,,,,,,,
2196,Single-Family Home,Boulder,Colorado,,,,,,,,,,,,,,
5648,Single-Family Home,Boulder,Colorado,,,,,,,1972,928,928,,,,,
5954,Single-Family Home,Boulder,Colorado,,,,,,,1938,1662,1086,576,,,,
8676,Single-Family Home,Boulder,Colorado,,,,,,,1990,2353,802,917,,,634,
3353,Single-Family Home,Boulder,Colorado,,,,,,,1989,2207,885,692,,,630,
8622,Single-Family Home,Boulder,Colorado,,,,,,,1984,1032,581,451,,,,
2824,Single-Family Home,Boulder,Colorado,,,,,,,2009,832,832,,,,,
7818,Mobile Home,Boulder,Colorado,,,,,,,1971,928,928,,,,,
6800,Single-Family Home,Boulder,Colorado,,,,,,,1998,3199,1334,1515,,,350,
8729,Single-Family Home,Boulder,Colorado,yes,South,4.08,4.08,,,1953,2360,1327,1033,,,,
232,Single-Family Home,Boulder,Colorado,,,,,,,1991,2228,1086,638,,,504,
516,Single-Family Home,Boulder,Colorado,,,,,,,1965,2379,1522,117,,,740,
547,Single-Family Home,Boulder,Colorado,yes,,,,,,1946,2920,1772,1148,,,,yes
1879,Single-Family Home,Boulder,Colorado,yes,,,,,,1989,4123,1773,1200,,,1150,
2931,Single-Family Home,Boulder,Colorado,,,,,,,1949,1143,1143,,,,,
3104,Single-Family Home,Boulder,Colorado,,,,,,,1992,1539,798,741,,,,
4601,Single-Family Home,Boulder,Colorado,,,,,,,1992,,,,,,,
6264,Single-Family Home,Boulder,Colorado,,,,,,,1980,1030,1030,,,,,
6888,Single-Family Home,Boulder,Colorado,yes,,,,,,2004,3409,,,,,,
8273,Single-Family Home,Boulder,Colorado,,,,,,,1997,6147,2330,2606,,,1211,
8862,Mobile Home,Boulder,Colorado,,,,,,,1977,928,928,,,,,
9085,Single-Family Home,Boulder,Colorado,,,,,,,1949,1763,1112,651,,,,
9142,Single-Family Home,Boulder,Colorado,yes,,4,,,,1990,2277,798,761,,,718,
9156,Single-Family Home,Boulder,Colorado,,,,,,,1991,1589,750,839,,,,
9958,Single-Family Home,Boulder,Colorado,,,,,,,1983,1176,564,612,,,,
1586,Apartment,Austin,Texas,,,,,,,,751,,,,,,
7409,Apartment,San Diego,California,,,,,,,,,,,,,,
796,Single-Family Home,Austin,Texas,,,,,,,1940,2621,1677,944,,,,yes
7422,Town Home,San Diego,California,,,,,,,,2110,,,,,,
862,Single-Family Home,Austin,Texas,,,,,,,,,,,,,,
5904,Single-Family Home,Boulder,Colorado,,,,,,,1993,2352,964,744,,,644,
8886,Apartment,San Diego,California,,,,,,,,,,,,,,
9585,Apartment,San Diego,California,,,,,,,,,,,,,,
8395,Single-Family Home,Boulder,Colorado,,,,,,,1991,1559,798,761,,,,
9950,Single-Family Home,Austin,Texas,,,,,,,2007,2001,1435,566,0,0,0,
2031,Apartment,San Diego,California,,,,,,,,,,,,,,
3147,Single-Family Home,Austin,Texas,,,,,,,2013,1435,602,833,,,,
4920,Single-Family Home,Boulder,Colorado,,,,,,,1940,3311,1940,595,,,776,
5652,Single-Family Home,Boulder,Colorado,,,,,,,1954,2166,1083,,,,1083,
4083,Apartment,San Diego,California,,,,,,,,,,,,,,
7639,Apartment,San Diego,California,,,,,,,,,,,,,,
203,Single-Family Home,San Diego,California,,,,,,,,1555,1555,,,,,
1524,Single-Family Home,San Diego,California,,,,,,,,2050,2050,,,,,
7719,Single-Family Home,Austin,Texas,yes,South,6.3,6.3,,,2008,2919,1401,1518,0,0,0,yes
5759,Single-Family Home,Austin,Texas,,,,,,,2008,1439,1439,0,0,0,0,
2458,Apartment,Austin,Texas,,,,,,,,606,,,,,,
136,Single-Family Home,Austin,Texas,,,,,,,,,,,,,,
974,Single-Family Home,Austin,Texas,yes,,6.5,,,,2008,3678,1706,1972,,,,
3413,Town Home,Austin,Texas,,,,,,,2008,1576,778,798,0,,,
527,Single-Family Home,San Diego,California,,,,,,,,,,,,,,
2361,Single-Family Home,Austin,Texas,yes,,,,,,2009,3245,1779,1466,0,,,
980,Apartment,Austin,Texas,,,,,,,,,,,,,,
9251,Apartment,Austin,Texas,,,,,,,,627,,,,,,
3401,Single-Family Home,Austin,Texas,,,,,,,2013,3754,3754,0,0,0,0,
6348,Single-Family Home,Austin,Texas,yes,,,,,,2013,2181,1627,554,,,,yes
6125,Apartment,Austin,Texas,,,,,,,,1200,,,,,,
6688,Apartment,Austin,Texas,,,,,,,,751,,,,,,
9981,Apartment,Austin,Texas,,,,,,,,816,,,,,,
2520,Single-Family Home,Austin,Texas,,,,,,,,1400,,,,,,
3789,Apartment,Austin,Texas,,,,,,,,751,,,,,,
9498,Apartment,Austin,Texas,,,,,,,,816,,,,,,
436,Apartment,Austin,Texas,,,,,,,,627,,,,,,
9182,Apartment,Austin,Texas,,,,,,,,832,,,,,,
2207,Apartment,Austin,Texas,,,,,,,,975,,,,,,
6286,Apartment,Austin,Texas,,,,,,,,627,,,,,,
5400,Single-Family Home,Boulder,Colorado,,,,,,,1998,,,,,,,
4147,Single-Family Home,Boulder,Colorado,yes,,,,,,2008,,,,,,,yes
3953,Single-Family Home,Spring,Texas,yes,,,,,,,,,,,,,
2510,Single-Family Home,Austin,Texas,,,,,,,2012,4660,2636,2024,0,0,0,
7792,Apartment,Austin,Texas,,,,,,,,975,,,,,,
44,Single-Family Home,Austin,Texas,,,,,,,,,,,,,,
365,Single-Family Home,Austin,Texas,,,,,,,,,,,,,,
4953,Single-Family Home,Austin,Texas,,,,,,,1975,2042,2042,,,,,
6424,Single-Family Home,Austin,Texas,,,,,,,,,,,,,,
7474,Single-Family Home,Austin,Texas,,,,,,,,,,,,,,
8596,Single-Family Home,Austin,Texas,,,,,,,,,,,,,,
8995,Single-Family Home,Austin,Texas,yes,,,,,,,,,,,,,
7638,Apartment,Austin,Texas,,,,,,,,606,,,,,,
2873,Apartment,Austin,Texas,,,,,,,,712,,,,,,
6911,Apartment,Austin,Texas,,,,,,,,627,,,,,,
4375,Single-Family Home,Austin,Texas,,,,,,,1965,1778,1778,,,,,
503,Single-Family Home,Austin,Texas,,,,,,,1995,2486,1118,1368,,,,
5298,Apartment,Austin,Texas,,,,,,,,751,,,,,,
4473,Single-Family Home,Austin,Texas,,,,,,,1950,1036,,,,,,
5809,Single-Family Home,Austin,Texas,,,,,,,1965,1712,1712,,,,,yes
7973,Town Home,Austin,Texas,yes,South;West,4.51,2.65,1.86,,2008,1240,620,620,,,,
5718,Town Home,Austin,Texas,,,,,,,2006,2091,856,1235,,,,
668,Single-Family Home,Austin,Texas,yes,South;West,6.37,3.92,2.45,,2008,1972,1041,931,0,0,0,
994,Single-Family Home,Austin,Texas,,,,,,,1983,2735,1494,1241,,,,
3510,Single-Family Home,Austin,Texas,,,,,,,1962,864,864,0,0,0,0,
8555,Mobile Home,Boulder,Colorado,,,,,,,,,,,,,,
6460,Single-Family Home,Austin,Texas,,,,,,,,2217,1551,666,,,,
3310,Single-Family Home,Austin,Texas,yes,South;West,6.125,,3.185,,2007,2340,1352,988,0,0,0,
6324,Apartment,Austin,Texas,,,,,,,,751,,,,,,
9001,Single-Family Home,Austin,Texas,yes,South;West,6.325,0.55,5.775,,2007,2122,1162,960,,,,
9333,Single-Family Home,Austin,Texas,,,,,,,1959,2262,2262,,,,,
3126,Single-Family Home,Austin,Texas,yes,,,,,,1984,4239,2195.5,2043.5,,,,yes
8857,Single-Family Home,Austin,Texas,yes,South;West,11.13,1.855,9.275,,1984,2559,2559,,,,,yes
6248,Single-Family Home,Austin,Texas,yes,,,,,,1989,2967,1624,1343,,,,yes
1462,Apartment,Austin,Texas,,,,,,,,,,,,,,
5749,Single-Family Home,Austin,Texas,yes,East,3.2,,,3.2,1992,3530,1960,1086,,484,,yes
9670,Apartment,Austin,Texas,,,,,,,,816,,,,,,
573,Apartment,Austin,Texas,,,,,,,,1200,,,,,,
4674,Apartment,Austin,Texas,,,,,,,,975,,,,,,
2115,Single-Family Home,Rio Hondo,Texas,,,,,,,,,,,,,,
3298,Single-Family Home,Rio Hondo,Texas,,,,,,,,,,,,,,
4972,Single-Family Home,San Benito,Texas,,,,,,,,,,,,,,
5322,Single-Family Home,Harlingen,Texas,,,,,,,,,,,,,,
9065,Single-Family Home,Los Fresnos,Texas,,,,,,,,,,,,,,
3676,Apartment,Austin,Texas,,,,,,,,606,,,,,,
543,Single-Family Home,Austin,Texas,,,,,,,,,,,,,,
1584,Single-Family Home,El Paso,Texas,,,,,,,,,,,,,,
575,Apartment,Austin,Texas,,,,,,,,,,,,,,
5784,Single-Family Home,Austin,Texas,yes,,,,,,2014,6408,,,,,,
1597,Apartment,Austin,Texas,,,,,,,,606,,,,,,
2732,Single-Family Home,San Antonio,Texas,,,,,,,,,,,,,,
9434,Single-Family Home,Austin,Texas,,,,,,,2008,1104,1104,,,,,
186,Single-Family Home,Austin,Texas,,,,,,,1961,1280,1280,,,,,
281,Single-Family Home,San Antonio,Texas,,,,,,,,,,,,,,
1832,Apartment,Austin,Texas,,,,,,,,750,,,,,,
4741,Single-Family Home,San Antonio,Texas,,,,,,,,,,,,,,
9852,Single-Family Home,San Antonio,Texas,,,,,,,,,,,,,,
9684,Single-Family Home,San Antonio,Texas,,,,,,,,,,,,,,
3773,Single-Family Home,San Antonio,Texas,,,,,,,,,,,,,,
6380,Single-Family Home,San Antonio,Texas,,,,,,,,,,,,,,
7092,Single-Family Home,San Antonio,Texas,,,,,,,,,,,,,,
9325,Single-Family Home,San Antonio,Texas,,,,,,,,,,,,,,
6345,Single-Family Home,Austin,Texas,,,,,,,,,,,,,,
483,Single-Family Home,Austin,Texas,yes,South;West,5.76,2.88,2.88,0,2008,3249,1532,1717,0,0,0,
7541,Single-Family Home,Austin,Texas,yes,South,6.25,6.25,0,,2007,3459,2237,1222,0,0,0,
5450,Single-Family Home,Austin,Texas,yes,,,,,,2008,2345,1385,960,,,,yes
9235,Single-Family Home,Austin,Texas,yes,West,5.145,5.145,,0,,2122,,,,,,
3246,Single-Family Home,Austin,Texas,,,,,,,,,,,,,,
3498,Single-Family Home,Austin,Texas,,,,,,,,,,,,,,
325,Single-Family Home,Austin,Texas,,,,,,,,,,,,,,
1275,Single-Family Home,Austin,Texas,,,,,,,,,,,,,,
2172,Single-Family Home,Austin,Texas,,,,,,,,,,,,,,
2377,Single-Family Home,Austin,Texas,,,,,,,,,,,,,,
3730,Single-Family Home,Austin,Texas,,,,,,,,,,,,,,
3977,Single-Family Home,Austin,Texas,,,,,,,,,,,,,,
4731,Single-Family Home,Austin,Texas,,,,,,,,,,,,,,
4734,Single-Family Home,Austin,Texas,,,,,,,,,,,,,,
5320,Single-Family Home,Austin,Texas,,,,,,,,,,,,,,
5931,Single-Family Home,Austin,Texas,,,,,,,,,,,,,,
6062,Single-Family Home,Austin,Texas,,,,,,,,,,,,,,
8730,Single-Family Home,Austin,Texas,,,,,,,,,,,,,,
9347,Single-Family Home,Austin,Texas,,,,,,,,,,,,,,
9412,Single-Family Home,Austin,Texas,,,,,,,,,,,,,,
352,Single-Family Home,San Antonio,Texas,,,,,,,,,,,,,,
865,Single-Family Home,San Antonio,Texas,,,,,,,,,,,,,,
1180,Single-Family Home,San Antonio,Texas,,,,,,,,,,,,,,
8874,Single-Family Home,San Antonio,Texas,,,,,,,,,,,,,,
9126,Single-Family Home,Helotes,Texas,,,,,,,,,,,,,,
9704,Single-Family Home,San Antonio,Texas,,,,,,,,,,,,,,
2429,Single-Family Home,Austin,Texas,,,,,,,,,,,,,,
379,Single-Family Home,Austin,Texas,yes,,,,,,2009,4080.5,2605,1475.5,,,,yes
7651,Single-Family Home,San Antonio,Texas,,,,,,,,,,,,,,
716,Single-Family Home,San Antonio,Texas,,,,,,,,,,,,,,
1942,Single-Family Home,San Antonio,Texas,,,,,,,,,,,,,,
2064,Single-Family Home,San Antonio,Texas,,,,,,,,,,,,,,
3110,Single-Family Home,San Antonio,Texas,,,,,,,,,,,,,,
3204,Single-Family Home,Houston,Texas,,,,,,,,,,,,,,
3390,Single-Family Home,San Antonio,Texas,,,,,,,,,,,,,,
4048,Single-Family Home,San Antonio,Texas,,,,,,,,,,,,,,
6723,Single-Family Home,San Antonio,Texas,,,,,,,,,,,,,,
8193,Single-Family Home,San Antonio,Texas,,,,,,,,,,,,,,
11201,Single-Family Home,San Antonio,Texas,,,,,,,,,,,,,,
11202,Single-Family Home,San Antonio,Texas,,,,,,,,,,,,,,
11203,Single-Family Home,San Antonio,Texas,,,,,,,,,,,,,,
5941,Single-Family Home,San Antonio,Texas,,,,,,,,,,,,,,
6896,Single-Family Home,Austin,Texas,,,,,,,2011,2152,1315,837,0,0,0,
8847,Single-Family Home,Austin,Texas,,,,,,,,,,,,,,yes
3227,Single-Family Home,San Antonio,Texas,,,,,,,,,,,,,,
5214,Single-Family Home,San Antonio,Texas,,,,,,,,,,,,,,
398,Single-Family Home,Austin,Texas,,,,,,,,,,,,,,
6236,Single-Family Home,Austin,Texas,,,,,,,,,,,,,,
8344,Single-Family Home,Austin,Texas,,,,,,,,,,,,,,
6845,Single-Family Home,Austin,Texas,,,,,,,,,,,,,,
1974,Single-Family Home,Austin,Texas,,,,,,,,,,,,,,
6667,Single-Family Home,Austin,Texas,,,,,,,,,,,,,,
7172,Single-Family Home,Austin,Texas,,,,,,,,,,,,,,
7750,Single-Family Home,Austin,Texas,,,,,,,,,,,,,,
1954,Single-Family Home,Austin,Texas,,,,,,,,,,,,,,
4465,Single-Family Home,Austin,Texas,,,,,,,,,,,,,,
151,Single-Family Home,Austin,Texas,,,,,,,,,,,,,,
3783,Single-Family Home,Austin,Texas,,,,,,,,,,,,,,
2204,Single-Family Home,Austin,Texas,,,,,,,2011,938,478,460,,,,
1354,Single-Family Home,Austin,Texas,yes,,,,,,,,,,,,,yes
6945,Single-Family Home,Austin,Texas,,,,,,,,,,,,,,
7203,Single-Family Home,Austin,Texas,,,,,,,,,,,,,,
3095,Single-Family Home,Austin,Texas,,,,,,,,,,,,,,
5639,Single-Family Home,Austin,Texas,,,,,,,,,,,,,,
6212,Single-Family Home,Austin,Texas,,,,,,,,,,,,,,
6242,Single-Family Home,Austin,Texas,,,,,,,,,,,,,,
7155,Single-Family Home,Austin,Texas,,,,,,,,,,,,,,
9016,Sales,Dallas,Texas,,,,,,,,,,,,,,
168,Single-Family Home,Austin,Texas,,,,,,,,,,,,,,
9175,Sales,Chicago,Illinois,,,,,,,,,,,,,,
885,Single-Family Home,Austin,Texas,,,,,,,,,,,,,,
564,Single-Family Home,Austin,Texas,,,,,,,,,,,,,,
1565,Single-Family Home,Austin,Texas,,,,,,,,,,,,,,
3215,Single-Family Home,Austin,Texas,,,,,,,,,,,,,,
330,Single-Family Home,Austin,Texas,yes,,,,,,,,,,,,,
621,Single-Family Home,Austin,Texas,,,,,,,,,,,,,,
930,Single-Family Home,Austin,Texas,,,,,,,,,,,,,,
4014,Single-Family Home,Austin,Texas,,,,,,,,,,,,,,
7128,Single-Family Home,Austin,Texas,,,,,,,,,,,,,,
8198,Single-Family Home,Austin,Texas,,,,,,,,,,,,,,
8506,Single-Family Home,Austin,Texas,,,,,,,,,,,,,,
9389,Single-Family Home,Austin,Texas,,,,,,,,,,,,,,
2750,Single-Family Home,Austin,Texas,yes,,6.85,,,,,,,,,,,yes
6605,Single-Family Home,Austin,Texas,,,,,,,,,,,,,,
448,Single-Family Home,Austin,Texas,,,,,,,,,,,,,,
1104,Single-Family Home,Austin,Texas,,,,,,,,,,,,,,
1764,Single-Family Home,Austin,Texas,,,,,,,,,,,,,,
2650,Single-Family Home,Austin,Texas,,,,,,,,,,,,,,
4378,Single-Family Home,Austin,Texas,,,,,,,,,,,,,,
4926,Single-Family Home,austin,Texas,,,,,,,,,,,,,,
5541,Single-Family Home,Austin,Texas,,,,,,,,,,,,,,
5924,Single-Family Home,Austin,Texas,,,,,,,,,,,,,,
7948,Single-Family Home,Allen,Texas,,,,,,,,,,,,,,
5715,Single-Family Home,Austin,Texas,,,,,,,,,,,,,,
6272,Apartment,Austin,Texas,,,,,,,,,,,,,,
3924,Single-Family Home,Austin,Texas,,,,,,,,,,,,,,
4866,Single-Family Home,Austin,Texas,,,,,,,,,,,,,,
9214,Single-Family Home,Austin,Texas,,,,,,,,,,,,,,
2666,Single-Family Home,Austin,Texas,,,,,,,,,,,,,,
5144,Single-Family Home,Austin,Texas,,,,,,,,,,,,,,
6199,Single-Family Home,Austin,Texas,,,,,,,,,,,,,,
6982,Single-Family Home,Austin,Texas,,,,,,,,,,,,,,
8204,Single-Family Home,Austin,Texas,,,,,,,,,,,,,,
2205,Single-Family Home,Austin,Texas,,,,,,,,,,,,,,
6915,Single-Family Home,Austin,Texas,,,,,,,,,,,,,,
5656,Single-Family Home,Austin,Texas,,,,,,,,,,,,,,yes
5862,Single-Family Home,Austin,Texas,,,,,,,,,,,,,,
2251,Single-Family Home,San Antonio,Texas,,,,,,,,,,,,,,
8417,Single-Family Home,Austin,Texas,,,,,,,,,,,,,,
5085,Single-Family Home,Houston,Texas,,,,,,,,,,,,,,
4699,Single-Family Home,Austin,Texas,,,,,,,2007,1834,1066,768,,,,
3431,Single-Family Home,San Antonio,Texas,,,,,,,,,,,,,,
8450,Single-Family Home,Austin,Texas,yes,South;West,6.27,2.09,4.18,,2008,2345,1385,960,0,0,0,
6302,Single-Family Home,Austin,Texas,yes,South,,,,,2016,2413,1387,1026,,,,
1517,Single-Family Home,Austin,Texas,,South,,4.07,,,,,,,,,,
6948,Single-Family Home,Austin,Texas,,,,,,,,,,,,,,
5937,Single-Family Home,Austin,Texas,,,,,,,1967,2144,2144,,,,,
4877,Single-Family Home,Austin,Texas,,,,,,,1942,1485,1485,0,0,,,
7937,Single-Family Home,Austin,Texas,,,,,,,,,,,,,,yes
7952,Single-Family Home,Austin,Texas,,,,,,,,,,,,,,
5015,Single-Family Home,San Antonio,Texas,,,,,,,,,,,,,,
4289,Single-Family Home,Austin,Texas,,,,,,,,,,,,,,
2654,Single-Family Home,Austin,Texas,,,,,,,,,,,,,,
8715,Single-Family Home,Austin,Texas,,,,,,,,,,,,,,
7690,Single-Family Home,Austin,Texas,,,,,,,,,,,,,,yes
2049,Single-Family Home,Broken Arrow,Oklahoma,,,,,,,,,,,,,,
9851,Single-Family Home,Oklahoma City,Oklahoma,,,,,,,,,,,,,,
5527,Single-Family Home,Tulsa,Oklahoma,,,,,,,,,,,,,,
1557,Single-Family Home,Austin,Texas,,,,,,,,,,,,,,
8928,Single-Family Home,Austin,Texas,,,,,,,,,,,,,,
525,Single-Family Home,Austin,Texas,,,,,,,,,,,,,,
9106,Single-Family Home,Austin,Texas,,,,,,,,,,,,,,
8745,Single-Family Home,Austin,Texas,,,,,,,,,,,,,,
3823,Single-Family Home,Owasso,Oklahoma,,,,,,,,,,,,,,
2153,Single-Family Home,Austin,Texas,yes,,9.6,,,,1999,3951.5,2390,1561.5,,,,yes
3029,Single-Family Home,Austin,Texas,yes,South,6.25,6.25,0,,2008,1439,1439,0,0,,,
4580,Single-Family Home,Austin,Texas,,,,,,,,,,,,,,
7472,Single-Family Home,Austin,Texas,,,,,,,,,,,,,,
8005,Single-Family Home,Austin,Texas,,,,,,,,,,,,,,
6870,Single-Family Home,Austin,Texas,,,,,,,,,,,,,,
5929,Single-Family Home,Austin,Texas,,,,,,,,,,,,,,
6161,Single-Family Home,Austin,Texas,yes,,,,,,1955,1215,1215,0,0,,,
5248,Single-Family Home,Silver Spring,Maryland,,,,,,,,,,,,,,
7393,Single-Family Home,Columbia,Maryland,,,,,,,,,,,,,,
6390,Single-Family Home,Austin,Texas,,,,,,,2008,2122,1162,960,0,,,
6487,Single-Family Home,Austin,Texas,,,,,,,,,,,,,,
5984,Single-Family Home,Austin,Texas,,,,,,,,,,,,,,
5058,Single-Family Home,Ithaca,New York,yes,,,,,,,,,,,,,
518,Single-Family Home,Brooktondale,New York,yes,,,,,,,,,,,,,
690,Single-Family Home,Ithaca,New York,,,,,,,,,,,,,,
8627,Single-Family Home,Ithaca,New York,yes,,,,,,,,,,,,,
3517,Single-Family Home,Ithaca,New York,yes,,,,,,,,,,,,,
145,Single-Family Home,Ithaca,New York,,,,,,,,,,,,,,
3996,Single-Family Home,Trumansburg,New York,,,,,,,,,,,,,,
5367,Single-Family Home,Ithaca,New York,,,,,,,,,,,,,,
8327,Single-Family Home,Ithaca,New York,,,,,,,,,,,,,,
2318,Single-Family Home,Trumansburg,New York,,,,,,,,,,,,,,
558,Single-Family Home,Ithaca,New York,,,,,,,,,,,,,,
950,Single-Family Home,Ithaca,New York,yes,,,,,,,,,,,,,
4414,Single-Family Home,Ithaca,New York,,,,,,,,,,,,,,
914,Single-Family Home,Ithaca,New York,yes,,,,,,,,,,,,,
4235,Single-Family Home,Ithaca,New York,,,,,,,,,,,,,,
27,Single-Family Home,Brooktondale,New York,yes,,,,,,,,,,,,,
5587,Single-Family Home,Ithaca,New York,yes,,,,,,,,,,,,,
5679,Single-Family Home,Ithaca,New York,yes,,,,,,,,,,,,,
6178,Single-Family Home,Ithaca,New York,yes,,,,,,,,,,,,,
9004,Single-Family Home,Ithaca,New York,,,,,,,,,,,,,,
8812,Single-Family Home,King Ferry,New York,yes,,,,,,,,,,,,,
9053,Single-Family Home,Lansing,New York,,,,,,,,,,,,,,
5306,Single-Family Home,Newfield,New York,yes,,,,,,,,,,,,,
7019,Single-Family Home,Ithaca,New York,,,,,,,,,,,,,,
2811,Single-Family Home,Austin,Texas,,,,,,,,,,,,,,
2448,Single-Family Home,Ithaca,New York,,,,,,,,,,,,,,
2832,Single-Family Home,Ithaca,New York,,,,,,,,,,,,,,
3488,Single-Family Home,Ithaca,New York,yes,,,,,,,,,,,,,
6172,Single-Family Home,Ithaca,New York,yes,,,,,,,,,,,,,
9469,Single-Family Home,Ithaca,New York,,,,,,,,,,,,,,
4628,Single-Family Home,Ithaca,New York,,,,,,,,,,,,,,
7159,Single-Family Home,Ithaca,New York,,,,,,,,,,,,,,
7999,Single-Family Home,Ithaca,New York,yes,,,,,,,,,,,,,
9973,Single-Family Home,Ithaca,New York,,,,,,,,,,,,,,
1417,Single-Family Home,Ithaca,New York,,,,,,,,,,,,,,
1925,Single-Family Home,Dryden,New York,,,,,,,,,,,,,,
4283,Single-Family Home,Ithaca,New York,,,,,,,,,,,,,,
4550,Single-Family Home,Ithaca,New York,,,,,,,,,,,,,,
5174,Single-Family Home,Ithaca,New York,,,,,,,,,,,,,,
5997,Single-Family Home,Ithaca,New York,yes,,,,,,,,,,,,,
6514,Single-Family Home,Ithaca,New York,yes,,,,,,,,,,,,,
6594,Single-Family Home,Ithaca,New York,yes,,,,,,,,,,,,,
387,Single-Family Home,Ithaca,New York,yes,,,,,,,,,,,,,
8162,Single-Family Home,Ithaca,New York,yes,,,,,,,,,,,,,
1240,Single-Family Home,Groton,New York,yes,,,,,,,,,,,,,
9186,Single-Family Home,Ithaca,New York,,,,,,,,,,,,,,
6464,Single-Family Home,Ithaca,New York,,,,,,,,,,,,,,
1272,Single-Family Home,Ithaca,New York,,,,,,,,,,,,,,
2096,Single-Family Home,Ithaca,New York,,,,,,,,,,,,,,
2786,Single-Family Home,Ithaca,New York,yes,,,,,,,,,,,,,
5495,Single-Family Home,Lansing,New York,yes,,,,,,,,,,,,,
6703,Single-Family Home,Locke,New York,yes,,,,,,,,,,,,,
7069,Single-Family Home,Brooktondale,New York,yes,,,,,,,,,,,,,
4431,Single-Family Home,Ithaca,New York,yes,,,,,,,,,,,,,
2611,Apartment,Austin,Texas,,,,,,,,,,,,,,
381,Single-Family Home,Freeville,New York,,,,,,,,,,,,,,
8825,Single-Family Home,Brooktondale,New York,,,,,,,,,,,,,,
153,Single-Family Home,Austin,Texas,yes,South,5.55,5.55,0,0,2007,2345,1385,960,0,0,0,
9290,Single-Family Home,Ithaca,New York,yes,,,,,,,,,,,,,
